id,official_vote,gender,age,work,education,religion,socio,position,rule_tested,vote_is_a_right,vote_is_a_duty,vote_is_a_chance,vote_is_useful,vote_is_useless
1,Benoît Hamon,M,18-29,Self-employed,Tertiary,Never,,2.5,scores_1,0,1,0,0,1
2,Jean-Luc Mélenchon,F,18-29,Private sector employee,Secondary,Never,go_out_a_little,5.0,scores_1,1,1,0,1,0
3,,,,,,,,,scores_1,0,0,0,0,0
4,Benoît Hamon,M,30-39,Private sector employee,Tertiary,Never,go_out_a_lot,5.0,scores_1,1,1,0,0,0
5,Emmanuel Macron,M,18-29,Student,Tertiary,Never,go_out_a_lot,5.0,scores_1,1,1,1,1,0
6,Emmanuel Macron,M,30-39,Private sector employee,Tertiary,Never,go_out_a_lot,5.0,scores_1,1,1,0,1,0
7,Jean-Luc Mélenchon,M,30-39,Public sector employee,Tertiary,Never,go_out_a_lot,5.0,scores_1,1,1,0,0,0
8,François Fillon,F,40-49,Private sector employee,Tertiary,Never,go_out_a_lot,8.0,scores_1,1,1,1,1,0
9,Benoît Hamon,M,30-39,Private sector employee,Tertiary,Never,rather_lonely,7.0,scores_1,0,1,0,0,0
10,François Fillon,M,60-69,Private sector employee,Tertiary,Sometimes,go_out_a_lot,7.0,scores_1,1,1,1,1,0
11,Marine Le Pen,M,30-39,Unemployed,Secondary,Sometimes,go_out_a_lot,9.0,scores_1,0,1,0,0,0
12,,F,18-29,Other,Tertiary,Never,go_out_a_lot,3.0,scores_1,0,1,0,0,0
13,Emmanuel Macron,M,18-29,Student,Tertiary,Never,go_out_a_lot,3.0,scores_1,1,1,1,1,0
14,Jean-Luc Mélenchon,F,40-49,Private sector employee,Tertiary,Never,go_out_a_little,3.0,scores_1,1,1,0,0,0
15,Emmanuel Macron,M,30-39,Private sector employee,Tertiary,Never,go_out_a_lot,4.0,scores_1,1,1,1,1,0
16,Marine Le Pen,F,40-49,Public sector employee,,Never,go_out_a_lot,3.6666666666666665,scores_1,1,0,0,0,0
17,,,,,,,,,scores_1,0,0,0,0,0
18,Jean-Luc Mélenchon,M,40-49,Public sector employee,Tertiary,Sometimes,go_out_a_lot,4.0,scores_1,0,1,0,0,0
19,Emmanuel Macron,F,40-49,Public sector employee,Tertiary,Sometimes,go_out_a_little,4.0,scores_1,1,1,1,1,0
20,Benoît Hamon,M,30-39,Private sector employee,Tertiary,Never,,4.0,scores_1,1,0,1,1,0
21,Jean-Luc Mélenchon,F,30-39,Private sector employee,Secondary,Never,go_out_a_lot,3.0,scores_1,1,1,1,0,0
22,Benoît Hamon,F,18-29,Student,Primary,Never,go_out_a_lot,2.0,scores_1,0,1,0,0,0
23,François Fillon,M,40-49,Self-employed,Tertiary,Regularly,go_out_a_little,8.0,scores_1,1,1,1,1,0
24,Emmanuel Macron,M,18-29,Self-employed,Tertiary,Never,go_out_a_lot,5.0,scores_1,1,0,1,0,0
25,Jean-Luc Mélenchon,M,18-29,Student,Tertiary,Never,go_out_a_lot,2.0,scores_1,1,1,0,1,0
26,Marine Le Pen,F,60-69,Other,Secondary,Never,go_out_a_lot,6.0,scores_1,1,1,0,0,0
27,Jean-Luc Mélenchon,M,50-59,Public sector employee,Tertiary,Sometimes,go_out_a_lot,,scores_1,1,1,1,1,0
28,François Fillon,F,70+,Retired,Secondary,Regularly,go_out_a_lot,8.0,scores_1,0,1,1,0,0
29,,M,18-29,Public sector employee,Tertiary,Never,go_out_a_lot,4.0,scores_1,0,1,1,0,0
30,François Fillon,F,60-69,Self-employed,Tertiary,Never,,6.0,scores_1,1,1,0,0,0
31,Emmanuel Macron,F,18-29,Self-employed,Tertiary,Sometimes,go_out_a_lot,5.0,scores_1,0,0,1,0,0
32,Emmanuel Macron,M,60-69,Private sector employee,Tertiary,Sometimes,go_out_a_lot,5.0,scores_1,1,1,0,0,0
33,Benoît Hamon,F,30-39,Private sector employee,Tertiary,Never,go_out_a_lot,2.0,scores_1,0,1,1,1,0
34,Benoît Hamon,M,50-59,Retired,Secondary,Sometimes,go_out_a_little,5.0,scores_1,1,1,0,1,0
35,Emmanuel Macron,,50-59,Public sector employee,Secondary,,go_out_a_lot,,scores_1,1,1,0,0,0
36,Benoît Hamon,F,40-49,Private sector employee,Tertiary,Never,go_out_a_lot,3.0,scores_1,1,1,1,0,0
37,Jean-Luc Mélenchon,M,18-29,Student,Tertiary,Never,go_out_a_lot,2.0,scores_1,1,0,1,1,0
38,Emmanuel Macron,M,18-29,Student,Secondary,Never,go_out_a_lot,4.0,scores_1,1,1,1,0,0
39,Benoît Hamon,M,30-39,Public sector employee,Secondary,Never,go_out_a_little,3.0,scores_1,1,1,1,0,0
40,Jean-Luc Mélenchon,F,40-49,Public sector employee,Tertiary,Never,rather_lonely,1.0,scores_1,1,1,0,1,0
41,,M,30-39,Public sector employee,Tertiary,Never,go_out_a_lot,4.5,scores_1,1,1,0,1,0
42,Jean-Luc Mélenchon,M,70+,Retired,Secondary,Sometimes,go_out_a_lot,2.0,scores_1,0,1,1,0,0
43,Jean-Luc Mélenchon,F,40-49,Public sector employee,Tertiary,Never,go_out_a_little,2.0,scores_1,0,1,1,0,0
44,Marine Le Pen,M,30-39,Private sector employee,Tertiary,Never,go_out_a_lot,6.0,scores_1,1,1,0,1,0
45,Jean-Luc Mélenchon,M,30-39,Unemployed,Tertiary,Never,,1.0,scores_1,0,0,0,0,1
46,Emmanuel Macron,M,50-59,Private sector employee,Tertiary,Sometimes,go_out_a_lot,4.0,scores_1,0,0,1,1,0
47,Jean-Luc Mélenchon,M,40-49,Private sector employee,Secondary,Sometimes,go_out_a_lot,1.0,scores_1,1,1,1,1,0
48,Emmanuel Macron,,60-69,Public sector employee,Tertiary,Never,go_out_a_lot,4.0,scores_1,1,1,0,1,0
49,Jean-Luc Mélenchon,M,50-59,Unemployed,Secondary,Never,rather_lonely,1.0,scores_1,1,0,0,0,0
50,Emmanuel Macron,F,60-69,Retired,Tertiary,Sometimes,go_out_a_lot,5.0,scores_1,0,0,0,0,1
51,Jean-Luc Mélenchon,F,18-29,Student,Tertiary,Sometimes,go_out_a_little,3.0,scores_1,0,1,0,0,0
52,Jean-Luc Mélenchon,M,40-49,Public sector employee,Tertiary,Never,go_out_a_lot,3.0,scores_1,1,1,1,1,0
53,Jean-Luc Mélenchon,F,18-29,Student,Tertiary,Never,go_out_a_lot,1.0,scores_1,1,1,0,0,0
54,Benoît Hamon,M,40-49,Private sector employee,Tertiary,Sometimes,go_out_a_lot,4.0,scores_1,1,1,0,0,0
55,Emmanuel Macron,M,18-29,Self-employed,Tertiary,Sometimes,go_out_a_lot,4.0,scores_1,1,0,1,1,0
56,,,,,,,,,scores_1,0,0,0,0,0
57,Benoît Hamon,F,18-29,Other,Tertiary,Never,go_out_a_lot,3.0,scores_1,0,1,1,1,0
58,Jean-Luc Mélenchon,F,18-29,Private sector employee,Tertiary,Sometimes,go_out_a_lot,3.0,scores_1,1,0,0,1,0
59,Benoît Hamon,M,60-69,Public sector employee,Tertiary,Never,go_out_a_lot,4.0,scores_1,1,0,1,0,0
60,Emmanuel Macron,F,50-59,Private sector employee,Tertiary,Never,rather_lonely,6.0,scores_1,0,1,0,0,0
61,Jean-Luc Mélenchon,M,18-29,Private sector employee,Tertiary,Never,go_out_a_lot,3.0,scores_1,1,1,1,1,0
62,Jean-Luc Mélenchon,M,70+,Retired,Secondary,Sometimes,go_out_a_little,3.0,scores_1,1,1,0,0,0
63,Benoît Hamon,M,18-29,Public sector employee,Tertiary,Never,go_out_a_lot,2.0,scores_1,1,1,1,1,0
64,Emmanuel Macron,F,30-39,Private sector employee,Tertiary,Sometimes,go_out_a_little,4.0,scores_1,1,0,0,1,0
65,Emmanuel Macron,M,50-59,Public sector employee,Tertiary,Regularly,go_out_a_little,3.0,scores_1,1,1,1,1,0
66,,M,70+,Retired,Tertiary,Regularly,go_out_a_little,,scores_1,0,0,0,0,0
67,François Fillon,M,30-39,Self-employed,Tertiary,Never,go_out_a_lot,6.0,scores_1,1,1,0,0,0
68,François Fillon,F,70+,Private sector employee,Tertiary,Sometimes,go_out_a_lot,7.0,scores_1,0,1,0,0,0
69,Emmanuel Macron,M,60-69,Retired,Secondary,Sometimes,go_out_a_lot,3.0,scores_1,0,1,0,0,0
70,Jean-Luc Mélenchon,M,60-69,Retired,Tertiary,Never,go_out_a_little,3.0,scores_1,1,0,0,0,0
71,Jean-Luc Mélenchon,M,18-29,Student,Tertiary,Never,go_out_a_lot,2.0,scores_1,1,0,0,1,0
72,,M,60-69,Public sector employee,Secondary,,,7.0,scores_1,0,1,0,1,0
73,Jean-Luc Mélenchon,M,40-49,Public sector employee,Secondary,Sometimes,go_out_a_little,1.0,scores_1,0,1,0,0,0
74,Jean-Luc Mélenchon,M,50-59,Private sector employee,Tertiary,Sometimes,go_out_a_lot,5.0,scores_1,0,1,0,0,0
75,Emmanuel Macron,F,60-69,Self-employed,Secondary,Never,go_out_a_lot,1.0,scores_1,1,1,0,1,0
76,Jean-Luc Mélenchon,F,30-39,Self-employed,Tertiary,Never,go_out_a_lot,4.0,scores_1,0,1,0,0,0
77,Emmanuel Macron,M,18-29,Student,Tertiary,Never,go_out_a_little,5.0,scores_1,0,0,1,0,0
78,Jean-Luc Mélenchon,F,18-29,Public sector employee,Tertiary,Never,go_out_a_lot,4.0,scores_1,1,1,1,1,0
79,Benoît Hamon,M,60-69,Private sector employee,Secondary,Sometimes,go_out_a_lot,1.0,scores_1,0,1,1,1,0
80,Jean-Luc Mélenchon,F,18-29,Private sector employee,Tertiary,Never,go_out_a_lot,3.0,scores_1,1,1,1,0,1
81,Emmanuel Macron,M,18-29,Student,Tertiary,Sometimes,go_out_a_lot,7.0,scores_1,0,1,0,0,0
82,Benoît Hamon,M,18-29,Public sector employee,Tertiary,Never,go_out_a_lot,2.0,scores_1,1,0,1,1,0
83,Jean-Luc Mélenchon,M,50-59,Private sector employee,Secondary,Never,,3.0,scores_1,0,1,0,0,0
84,Emmanuel Macron,M,18-29,Student,Secondary,Never,rather_lonely,3.0,scores_1,1,1,0,0,0
85,Emmanuel Macron,F,60-69,Retired,Secondary,Never,go_out_a_lot,1.0,scores_1,1,1,0,0,0
86,Jean-Luc Mélenchon,M,30-39,Unemployed,Tertiary,Sometimes,go_out_a_little,2.0,scores_1,1,1,0,1,0
87,Emmanuel Macron,F,18-29,,Tertiary,Never,go_out_a_lot,6.0,scores_1,1,1,0,0,0
88,Emmanuel Macron,F,40-49,Private sector employee,Tertiary,Never,go_out_a_lot,7.0,scores_1,1,1,1,1,0
89,François Fillon,F,18-29,Self-employed,Tertiary,Never,go_out_a_lot,8.0,scores_1,1,1,0,0,0
90,Emmanuel Macron,M,18-29,Student,Tertiary,Never,go_out_a_lot,5.0,scores_1,0,1,0,0,0
91,Jean-Luc Mélenchon,F,50-59,Self-employed,Tertiary,Never,go_out_a_little,2.0,scores_1,1,1,1,1,0
92,Benoît Hamon,F,30-39,Self-employed,Tertiary,Regularly,,4.0,scores_1,1,1,1,0,0
93,,F,50-59,Public sector employee,Tertiary,Never,go_out_a_lot,3.0,scores_1,1,1,0,0,0
94,Philippe Poutou,M,50-59,,Tertiary,Never,go_out_a_lot,,scores_1,0,1,0,0,0
95,François Fillon,F,50-59,Public sector employee,Secondary,Never,go_out_a_lot,9.0,scores_1,1,1,0,0,0
96,Benoît Hamon,M,30-39,Private sector employee,Tertiary,Sometimes,go_out_a_lot,2.0,scores_1,0,1,1,1,0
97,Jean-Luc Mélenchon,M,50-59,Public sector employee,Tertiary,Never,go_out_a_lot,1.0,scores_1,0,1,1,1,0
98,Emmanuel Macron,F,60-69,Retired,Tertiary,Never,go_out_a_lot,7.0,scores_1,0,1,0,0,0
99,Jean-Luc Mélenchon,M,50-59,Public sector employee,Secondary,Never,go_out_a_little,5.0,scores_1,1,1,1,0,0
100,Emmanuel Macron,M,18-29,Student,Tertiary,Never,go_out_a_little,5.0,scores_1,1,1,1,1,0
101,François Fillon,F,50-59,Self-employed,Tertiary,Regularly,go_out_a_little,8.0,scores_1,0,1,0,1,0
102,,,,,,,,,scores_1,0,0,0,0,0
103,Benoît Hamon,M,60-69,,Tertiary,Never,go_out_a_lot,5.0,scores_1,1,1,1,0,0
104,Emmanuel Macron,F,40-49,Public sector employee,Tertiary,Never,go_out_a_lot,3.0,scores_1,1,1,1,1,0
105,Nicolas Dupont-Aignan,M,60-69,Retired,Secondary,Sometimes,go_out_a_little,8.0,scores_1,0,1,1,0,0
106,Emmanuel Macron,M,50-59,Public sector employee,Tertiary,Never,,3.0,scores_1,1,1,0,1,0
107,Emmanuel Macron,F,70+,Retired,Secondary,Sometimes,go_out_a_lot,1.0,scores_1,0,0,0,1,1
108,Nicolas Dupont-Aignan,M,50-59,Private sector employee,Secondary,Sometimes,go_out_a_little,,scores_1,1,0,0,1,0
109,Jean-Luc Mélenchon,M,40-49,Self-employed,Secondary,Never,go_out_a_lot,3.0,scores_1,0,1,1,0,0
110,Benoît Hamon,F,18-29,Public sector employee,Tertiary,Never,go_out_a_little,3.0,scores_1,0,1,0,1,0
111,Emmanuel Macron,M,60-69,Retired,Tertiary,Sometimes,go_out_a_little,3.0,scores_1,0,1,1,1,0
112,Jean-Luc Mélenchon,M,50-59,Private sector employee,Tertiary,Never,go_out_a_lot,1.0,scores_1,1,0,0,0,0
113,Marine Le Pen,F,50-59,Private sector employee,Secondary,Never,,3.6666666666666665,scores_1,0,1,0,0,0
114,Emmanuel Macron,M,30-39,Self-employed,Tertiary,Sometimes,go_out_a_lot,4.0,scores_1,1,1,1,1,0
115,François Fillon,F,18-29,Student,Tertiary,Regularly,go_out_a_little,7.0,scores_1,0,1,1,0,0
116,Emmanuel Macron,F,30-39,Self-employed,Tertiary,Never,go_out_a_lot,5.0,scores_1,0,1,0,0,0
117,Jean-Luc Mélenchon,F,70+,Retired,Secondary,Never,go_out_a_lot,1.0,scores_1,0,1,0,0,0
118,François Asselineau,M,30-39,Public sector employee,Tertiary,Sometimes,go_out_a_lot,2.0,scores_1,0,0,0,1,0
119,Jean-Luc Mélenchon,M,18-29,Student,Tertiary,Never,go_out_a_little,3.0,scores_1,1,1,1,1,0
120,Jean-Luc Mélenchon,F,18-29,Student,Tertiary,Never,go_out_a_lot,,scores_1,0,1,1,0,0
121,Emmanuel Macron,M,70+,Retired,Secondary,Sometimes,go_out_a_lot,1.0,scores_1,1,0,1,0,0
122,Benoît Hamon,F,50-59,Self-employed,Tertiary,Never,go_out_a_lot,3.0,scores_1,0,0,1,0,0
123,,,,,,,,,scores_1,0,0,0,0,0
124,Jean-Luc Mélenchon,M,50-59,Public sector employee,Tertiary,Sometimes,go_out_a_lot,4.0,scores_1,1,1,1,0,0
125,Jean-Luc Mélenchon,M,30-39,Public sector employee,Tertiary,Sometimes,go_out_a_lot,2.0,scores_1,0,1,0,0,0
126,,,,,,,,,scores_1,0,0,0,0,0
127,Emmanuel Macron,M,40-49,Private sector employee,Tertiary,Never,go_out_a_little,8.0,scores_1,1,0,0,0,0
128,François Fillon,M,70+,Retired,Tertiary,Sometimes,go_out_a_little,9.0,scores_1,0,1,0,0,0
129,François Fillon,F,18-29,Self-employed,Tertiary,Sometimes,go_out_a_lot,5.0,scores_1,1,0,1,1,0
130,Jean-Luc Mélenchon,F,18-29,Student,Tertiary,Never,rather_lonely,3.0,scores_1,0,1,0,0,0
131,Emmanuel Macron,F,50-59,Other,Primary,Sometimes,go_out_a_lot,5.0,scores_1,1,0,0,0,0
132,Jean-Luc Mélenchon,F,30-39,Unemployed,Secondary,Never,go_out_a_lot,1.0,scores_1,0,1,0,0,0
133,Emmanuel Macron,F,70+,Retired,Tertiary,Regularly,go_out_a_lot,5.0,scores_1,1,1,0,0,0
134,Jean Lassalle,M,18-29,Private sector employee,Tertiary,Sometimes,go_out_a_lot,,scores_1,1,1,0,0,1
135,Jean Lassalle,M,60-69,Private sector employee,Tertiary,Regularly,go_out_a_little,6.0,scores_1,0,1,0,1,0
136,Benoît Hamon,M,30-39,Public sector employee,Tertiary,Never,go_out_a_lot,3.0,scores_1,1,1,1,1,0
137,Jean-Luc Mélenchon,M,30-39,Private sector employee,Secondary,Never,go_out_a_lot,4.0,scores_1,1,1,1,1,0
138,,,,,,,,,scores_1,0,0,0,0,0
139,,,,,,,,,scores_1,0,0,0,0,0
140,Marine Le Pen,F,18-29,Student,Primary,Never,rather_lonely,,scores_1,0,0,0,1,0
141,Emmanuel Macron,M,50-59,Private sector employee,Tertiary,Never,go_out_a_lot,5.0,scores_1,0,1,0,0,0
142,Emmanuel Macron,F,50-59,Public sector employee,Tertiary,Never,go_out_a_lot,4.0,scores_1,1,1,0,0,0
143,Philippe Poutou,M,70+,Retired,Tertiary,Never,,1.0,scores_1,1,0,0,0,0
144,François Fillon,F,18-29,Self-employed,Tertiary,Never,go_out_a_lot,7.0,scores_1,0,1,0,0,0
145,Jean-Luc Mélenchon,M,18-29,Self-employed,Secondary,Never,go_out_a_little,2.0,scores_1,0,0,0,1,0
146,Jean-Luc Mélenchon,M,50-59,Private sector employee,Tertiary,,,3.6666666666666665,scores_1,0,1,0,0,0
147,Jean-Luc Mélenchon,,50-59,,,,,,scores_1,0,1,0,0,0
148,Jean-Luc Mélenchon,F,50-59,Self-employed,Tertiary,Sometimes,go_out_a_lot,5.0,scores_1,1,0,0,0,0
149,Emmanuel Macron,F,18-29,Private sector employee,Tertiary,Never,go_out_a_lot,,scores_1,0,0,0,0,0
150,Nicolas Dupont-Aignan,M,60-69,Retired,Secondary,Sometimes,go_out_a_lot,,scores_1,0,1,0,1,0
151,Benoît Hamon,M,50-59,Public sector employee,Tertiary,Sometimes,go_out_a_lot,1.0,scores_1,0,1,0,0,0
152,Jean-Luc Mélenchon,F,50-59,Public sector employee,Secondary,Never,go_out_a_lot,1.0,scores_1,1,0,0,0,0
153,Jean-Luc Mélenchon,M,70+,Retired,Tertiary,Never,go_out_a_lot,1.0,scores_1,1,1,0,1,0
154,Marine Le Pen,M,18-29,Student,Secondary,Never,go_out_a_lot,6.0,scores_1,1,1,0,0,0
155,Benoît Hamon,M,18-29,Public sector employee,Tertiary,Never,go_out_a_lot,3.0,scores_1,1,1,0,0,0
156,Jean-Luc Mélenchon,M,40-49,Public sector employee,Tertiary,Never,go_out_a_lot,3.0,scores_1,0,1,0,0,0
157,Benoît Hamon,F,18-29,Self-employed,Tertiary,Never,go_out_a_lot,2.0,scores_1,0,1,1,0,0
158,Jean-Luc Mélenchon,M,18-29,Public sector employee,Tertiary,Never,go_out_a_lot,2.0,scores_1,1,1,1,1,0
159,Philippe Poutou,M,40-49,Private sector employee,Primary,Never,go_out_a_lot,1.0,scores_1,1,0,0,0,0
160,,F,50-59,Private sector employee,Primary,Sometimes,go_out_a_lot,8.0,scores_1,0,1,0,0,0
161,Jean-Luc Mélenchon,F,30-39,Private sector employee,Tertiary,Never,go_out_a_lot,2.0,scores_1,1,1,1,1,0
162,Jean-Luc Mélenchon,M,30-39,Private sector employee,Tertiary,Never,go_out_a_lot,,scores_1,0,1,0,0,0
163,Benoît Hamon,F,40-49,Private sector employee,,Regularly,go_out_a_lot,5.0,scores_1,1,1,1,1,0
164,Emmanuel Macron,F,30-39,Private sector employee,Tertiary,Never,go_out_a_lot,6.0,scores_1,1,1,1,1,0
165,,,,,,,,,scores_1,0,0,0,0,0
166,Jean-Luc Mélenchon,F,60-69,Public sector employee,Secondary,Never,go_out_a_little,4.0,scores_1,0,0,0,0,0
167,Jean-Luc Mélenchon,F,50-59,Private sector employee,Tertiary,Never,go_out_a_lot,3.6666666666666665,scores_1,0,0,1,0,0
168,Benoît Hamon,,60-69,Retired,Tertiary,Never,go_out_a_lot,3.0,scores_1,1,1,1,0,0
169,Jean-Luc Mélenchon,M,50-59,Self-employed,Tertiary,Sometimes,go_out_a_lot,1.0,scores_1,1,0,0,0,0
170,,,,,,,,,scores_1,0,0,0,0,0
171,,F,18-29,Student,Tertiary,Never,go_out_a_lot,8.0,scores_1,1,0,0,0,0
172,Emmanuel Macron,F,30-39,Self-employed,Secondary,Never,go_out_a_lot,5.0,scores_1,0,1,0,1,0
173,Benoît Hamon,M,30-39,Public sector employee,Tertiary,Never,go_out_a_little,3.0,scores_1,1,1,0,0,0
174,Jean-Luc Mélenchon,F,18-29,Private sector employee,Tertiary,Never,go_out_a_lot,5.0,scores_1,1,0,0,0,1
175,Marine Le Pen,M,60-69,Unemployed,Secondary,Sometimes,go_out_a_little,8.0,scores_1,0,1,0,0,0
176,Jean-Luc Mélenchon,F,50-59,Unemployed,Secondary,Sometimes,go_out_a_lot,3.6666666666666665,scores_1,0,1,0,1,0
177,Benoît Hamon,M,30-39,Public sector employee,Tertiary,Never,go_out_a_lot,3.0,scores_1,1,1,1,0,0
178,Emmanuel Macron,M,30-39,Private sector employee,Tertiary,Never,go_out_a_lot,4.0,scores_1,0,1,0,1,0
179,Nathalie Arthaud,M,60-69,Retired,Secondary,Never,go_out_a_lot,5.0,scores_1,1,0,1,0,0
180,Nicolas Dupont-Aignan,M,50-59,Retired,Secondary,Sometimes,go_out_a_lot,3.6666666666666665,scores_1,0,1,0,1,0
181,Emmanuel Macron,F,40-49,Public sector employee,Tertiary,Never,go_out_a_little,4.0,scores_1,0,1,0,0,0
182,Emmanuel Macron,M,70+,,Secondary,Never,go_out_a_lot,1.0,scores_1,0,1,0,0,0
183,Benoît Hamon,M,30-39,Private sector employee,Tertiary,Never,go_out_a_lot,3.0,scores_1,1,1,0,0,0
184,Emmanuel Macron,M,50-59,Public sector employee,Secondary,Regularly,go_out_a_little,3.0,scores_1,1,1,1,1,0
185,Jean-Luc Mélenchon,F,50-59,Private sector employee,Primary,Regularly,,6.0,scores_1,0,0,0,0,0
186,Benoît Hamon,M,70+,Other,Tertiary,Sometimes,go_out_a_lot,8.0,scores_1,0,1,1,0,0
187,Benoît Hamon,M,18-29,Self-employed,Tertiary,Never,go_out_a_lot,4.0,scores_1,1,1,1,1,0
188,Jean-Luc Mélenchon,M,30-39,Private sector employee,Tertiary,Never,go_out_a_lot,5.0,scores_1,0,1,1,1,0
189,Jean-Luc Mélenchon,F,60-69,Public sector employee,Tertiary,Never,go_out_a_lot,4.0,scores_1,1,0,0,0,0
190,Benoît Hamon,M,18-29,Student,,Never,go_out_a_lot,3.0,scores_1,0,0,1,1,0
191,François Fillon,M,60-69,Retired,Secondary,Sometimes,go_out_a_little,8.0,scores_1,1,1,0,0,0
192,Emmanuel Macron,F,60-69,Self-employed,Tertiary,Sometimes,go_out_a_little,5.0,scores_1,1,1,0,0,0
193,Jean-Luc Mélenchon,M,18-29,Other,Secondary,Regularly,go_out_a_lot,1.0,scores_1,1,1,0,0,0
194,Benoît Hamon,F,30-39,Self-employed,Tertiary,Never,go_out_a_little,2.0,scores_1,1,1,1,1,0
195,Jean-Luc Mélenchon,M,50-59,Private sector employee,Primary,Never,rather_lonely,7.0,scores_1,0,0,1,0,0
196,Emmanuel Macron,F,70+,,Secondary,,,,scores_1,0,1,0,0,0
197,Marine Le Pen,M,50-59,Public sector employee,Primary,Never,go_out_a_little,5.0,scores_1,0,1,0,0,0
198,Emmanuel Macron,F,40-49,Private sector employee,Tertiary,Sometimes,go_out_a_little,4.0,scores_1,0,1,0,0,1
199,Emmanuel Macron,,40-49,Unemployed,Tertiary,Never,go_out_a_lot,5.0,scores_1,0,1,0,0,0
200,,M,60-69,Self-employed,Tertiary,Sometimes,go_out_a_lot,4.0,scores_1,1,0,1,1,0
201,Jean-Luc Mélenchon,M,30-39,Private sector employee,Tertiary,Sometimes,go_out_a_lot,3.0,scores_1,1,1,1,1,0
202,,F,18-29,Unemployed,Tertiary,Sometimes,go_out_a_little,5.0,scores_1,0,1,0,1,0
203,Jean-Luc Mélenchon,F,40-49,Public sector employee,Secondary,Sometimes,go_out_a_little,4.0,scores_1,0,1,0,0,0
204,Emmanuel Macron,F,40-49,Private sector employee,Tertiary,Sometimes,go_out_a_little,6.0,scores_1,1,1,1,0,0
205,Jean-Luc Mélenchon,M,18-29,Public sector employee,Tertiary,Never,go_out_a_lot,2.0,scores_1,1,0,1,0,0
206,Benoît Hamon,M,30-39,Public sector employee,Tertiary,Never,go_out_a_lot,3.0,scores_1,1,1,1,1,0
207,,,50-59,Self-employed,Tertiary,Sometimes,go_out_a_lot,,scores_1,1,1,1,0,0
208,Benoît Hamon,M,30-39,Private sector employee,Tertiary,Sometimes,go_out_a_lot,8.0,scores_1,1,1,0,0,0
209,Jean-Luc Mélenchon,M,30-39,Private sector employee,Secondary,Never,go_out_a_lot,9.0,scores_1,0,0,0,1,0
210,Emmanuel Macron,M,18-29,Private sector employee,Tertiary,Never,go_out_a_lot,5.0,scores_1,0,1,0,0,0
211,Benoît Hamon,M,18-29,Student,Secondary,Sometimes,go_out_a_lot,2.0,scores_1,0,1,0,0,0
212,Jean-Luc Mélenchon,F,40-49,Private sector employee,Tertiary,Never,go_out_a_little,3.0,scores_1,0,1,0,0,0
213,Jean-Luc Mélenchon,F,50-59,Public sector employee,,Sometimes,go_out_a_little,1.0,scores_1,0,1,0,0,0
214,,,,,,,,,scores_1,0,0,0,0,0
215,François Fillon,M,40-49,Private sector employee,Tertiary,Sometimes,go_out_a_lot,8.0,scores_1,0,1,0,0,0
216,,,,,,,,,scores_1,0,0,0,0,0
217,Emmanuel Macron,M,30-39,Private sector employee,Tertiary,Never,go_out_a_lot,6.0,scores_1,1,1,0,0,0
218,Benoît Hamon,F,30-39,Public sector employee,Tertiary,Never,go_out_a_little,4.0,scores_1,0,1,1,0,0
219,Emmanuel Macron,F,18-29,,Tertiary,Never,go_out_a_lot,7.0,scores_1,1,0,1,1,0
220,Emmanuel Macron,F,60-69,Private sector employee,Tertiary,Sometimes,go_out_a_little,5.0,scores_1,1,1,1,0,1
221,Emmanuel Macron,M,18-29,Private sector employee,Primary,Regularly,go_out_a_lot,3.0,scores_1,0,1,0,0,0
222,Emmanuel Macron,M,60-69,Retired,Tertiary,Never,go_out_a_little,4.0,scores_1,1,1,0,0,0
223,François Fillon,M,50-59,Public sector employee,Tertiary,Sometimes,rather_lonely,7.0,scores_1,0,1,1,1,0
224,Jean-Luc Mélenchon,M,50-59,Private sector employee,Secondary,Never,go_out_a_lot,2.0,scores_1,1,1,1,0,0
225,Jean-Luc Mélenchon,M,18-29,Self-employed,Tertiary,Never,go_out_a_lot,3.0,scores_1,1,0,1,1,0
226,,,,,,,,,scores_1,0,0,0,0,0
227,Jean-Luc Mélenchon,M,50-59,Private sector employee,Tertiary,Never,go_out_a_lot,2.0,scores_1,1,1,1,1,0
228,Jean-Luc Mélenchon,M,30-39,Self-employed,Tertiary,Never,go_out_a_little,2.0,scores_1,1,1,0,0,0
229,Jean-Luc Mélenchon,F,18-29,Student,Tertiary,Never,go_out_a_lot,5.0,scores_1,1,1,1,1,0
230,Benoît Hamon,M,40-49,Public sector employee,Tertiary,Never,go_out_a_lot,1.0,scores_1,1,1,1,1,0
231,Jean-Luc Mélenchon,M,18-29,Unemployed,Tertiary,Never,go_out_a_lot,3.0,scores_1,1,0,1,0,0
232,Emmanuel Macron,F,50-59,Self-employed,Tertiary,Never,go_out_a_little,7.0,scores_1,0,1,0,1,0
233,,F,50-59,Private sector employee,,Never,go_out_a_lot,,scores_1,1,1,0,0,1
234,Jean-Luc Mélenchon,F,18-29,Other,Secondary,Never,go_out_a_lot,1.0,scores_1,1,1,1,1,0
235,François Fillon,M,70+,Private sector employee,Tertiary,Sometimes,go_out_a_lot,7.0,scores_1,0,1,0,0,0
236,Benoît Hamon,M,30-39,Public sector employee,Tertiary,Never,go_out_a_lot,3.0,scores_1,1,1,0,0,0
237,Emmanuel Macron,M,40-49,Private sector employee,Tertiary,Never,go_out_a_little,5.0,scores_1,1,1,0,1,0
238,Jean-Luc Mélenchon,F,30-39,Private sector employee,Tertiary,Never,go_out_a_lot,1.0,scores_1,1,1,1,0,0
239,Jean-Luc Mélenchon,M,18-29,Self-employed,Tertiary,Never,go_out_a_lot,1.0,scores_1,1,1,0,0,0
240,Jean-Luc Mélenchon,F,40-49,Public sector employee,Secondary,Sometimes,go_out_a_lot,4.0,scores_1,1,1,1,1,0
241,Jean-Luc Mélenchon,M,40-49,Private sector employee,Secondary,Never,go_out_a_lot,,scores_1,0,1,0,0,0
242,,F,70+,Retired,Secondary,,rather_lonely,,scores_1,1,0,0,0,0
243,Benoît Hamon,M,30-39,Self-employed,Tertiary,Sometimes,go_out_a_little,3.0,scores_1,0,1,1,0,0
244,Emmanuel Macron,F,30-39,Private sector employee,Tertiary,Never,go_out_a_lot,3.0,scores_1,1,1,1,0,0
245,Jean-Luc Mélenchon,M,30-39,Private sector employee,Tertiary,Never,go_out_a_little,5.0,scores_1,0,1,0,0,0
246,Emmanuel Macron,M,30-39,Self-employed,Tertiary,Never,go_out_a_lot,4.0,scores_1,0,1,0,0,0
247,Jean-Luc Mélenchon,M,18-29,Student,Tertiary,Never,go_out_a_lot,5.0,scores_1,1,0,0,0,0
248,Jean-Luc Mélenchon,F,50-59,Public sector employee,Tertiary,Never,,2.0,scores_1,1,1,0,0,0
249,Marine Le Pen,F,40-49,Private sector employee,Tertiary,Never,go_out_a_lot,8.0,scores_1,0,1,0,0,0
250,Jean-Luc Mélenchon,M,18-29,Unemployed,Secondary,Sometimes,go_out_a_lot,1.0,scores_1,0,0,0,1,0
251,Emmanuel Macron,M,18-29,Public sector employee,Tertiary,Never,go_out_a_lot,4.0,scores_1,0,1,0,0,0
252,Emmanuel Macron,M,18-29,Student,Tertiary,Never,go_out_a_little,6.0,scores_1,0,1,1,1,0
253,Emmanuel Macron,F,30-39,Self-employed,Tertiary,Never,go_out_a_lot,7.0,scores_1,0,1,0,0,0
254,Jean-Luc Mélenchon,F,30-39,Private sector employee,Tertiary,Never,go_out_a_little,2.0,scores_1,1,0,1,0,0
255,Emmanuel Macron,F,18-29,Self-employed,Tertiary,Regularly,go_out_a_lot,5.0,scores_1,1,1,0,0,0
256,Jean-Luc Mélenchon,M,18-29,Self-employed,Tertiary,Never,go_out_a_lot,5.0,scores_1,0,0,0,1,0
257,Jean-Luc Mélenchon,M,18-29,Student,Tertiary,Never,go_out_a_little,5.0,scores_1,1,1,0,1,0
258,Jean-Luc Mélenchon,F,30-39,Public sector employee,Tertiary,Never,go_out_a_lot,3.0,scores_1,1,1,1,0,0
259,Emmanuel Macron,F,40-49,Unemployed,Secondary,Never,rather_lonely,3.0,scores_1,1,0,1,0,0
260,Jean-Luc Mélenchon,M,30-39,Public sector employee,Tertiary,Never,go_out_a_lot,2.0,scores_1,1,0,0,0,0
261,,,,,,,,,scores_1,0,0,0,0,0
262,,,,,,,,,scores_1,0,0,0,0,0
263,Emmanuel Macron,M,60-69,Retired,Secondary,Sometimes,go_out_a_little,5.0,scores_1,0,0,0,1,0
264,,M,50-59,Private sector employee,Secondary,Regularly,go_out_a_lot,,scores_2,0,1,0,0,0
265,Marine Le Pen,M,40-49,Public sector employee,Tertiary,Sometimes,rather_lonely,8.0,scores_2,1,0,0,1,0
266,Jean-Luc Mélenchon,F,70+,Retired,Tertiary,Never,rather_lonely,3.0,scores_2,1,0,0,0,0
267,Emmanuel Macron,,50-59,Private sector employee,Tertiary,Never,go_out_a_little,6.0,scores_2,1,1,0,0,0
268,Emmanuel Macron,M,30-39,Private sector employee,Tertiary,Never,go_out_a_lot,4.0,scores_2,0,0,1,0,0
269,Jean-Luc Mélenchon,F,30-39,Private sector employee,Secondary,Never,go_out_a_lot,2.0,scores_2,0,0,0,1,0
270,Benoît Hamon,F,40-49,Private sector employee,Tertiary,Never,go_out_a_little,3.0,scores_2,1,1,1,0,0
271,,F,50-59,Retired,Tertiary,Never,go_out_a_little,5.0,scores_2,0,1,1,0,0
272,,,,,,,,,scores_2,0,0,0,0,0
273,Jean-Luc Mélenchon,F,50-59,Private sector employee,Tertiary,Never,go_out_a_little,3.0,scores_2,0,1,0,0,0
274,Emmanuel Macron,F,50-59,Public sector employee,Tertiary,Never,go_out_a_lot,8.0,scores_2,1,0,1,1,0
275,,,,,,,,,scores_2,0,0,0,0,0
276,Jean-Luc Mélenchon,F,40-49,Self-employed,Tertiary,Never,go_out_a_lot,4.0,scores_2,1,1,1,1,0
277,François Fillon,F,60-69,Retired,Tertiary,Never,go_out_a_lot,3.6666666666666665,scores_2,0,1,0,0,0
278,Jean-Luc Mélenchon,M,50-59,Private sector employee,Tertiary,Sometimes,go_out_a_little,5.0,scores_2,1,1,1,0,0
279,François Fillon,F,40-49,Public sector employee,Tertiary,Sometimes,go_out_a_lot,8.0,scores_2,1,1,0,0,0
280,Jean-Luc Mélenchon,F,30-39,Private sector employee,Tertiary,Never,go_out_a_lot,2.0,scores_2,1,0,0,1,0
281,François Fillon,M,30-39,Public sector employee,Tertiary,Regularly,go_out_a_little,8.0,scores_2,0,1,0,0,0
282,Emmanuel Macron,M,40-49,Public sector employee,Tertiary,Sometimes,go_out_a_lot,4.0,scores_2,1,1,0,0,0
283,François Asselineau,F,50-59,Private sector employee,Secondary,Never,go_out_a_lot,4.0,scores_2,1,0,0,0,0
284,Benoît Hamon,F,30-39,Private sector employee,Tertiary,Never,go_out_a_lot,2.0,scores_2,1,1,1,1,0
285,Benoît Hamon,M,30-39,Private sector employee,Tertiary,Never,go_out_a_lot,3.0,scores_2,0,1,0,0,0
286,Jean-Luc Mélenchon,F,40-49,Other,,Never,go_out_a_little,2.0,scores_2,0,1,0,0,0
287,François Fillon,M,60-69,Self-employed,Tertiary,Sometimes,go_out_a_little,3.6666666666666665,scores_2,0,1,0,0,0
288,Emmanuel Macron,F,70+,Retired,Tertiary,Never,rather_lonely,,scores_2,0,0,0,0,0
289,Emmanuel Macron,M,70+,Public sector employee,Tertiary,Regularly,go_out_a_lot,,scores_2,0,0,0,0,0
290,Jean-Luc Mélenchon,F,40-49,Self-employed,Tertiary,Never,go_out_a_little,1.0,scores_2,1,1,1,1,0
291,Benoît Hamon,M,18-29,Self-employed,Tertiary,Never,go_out_a_lot,3.0,scores_2,1,0,0,1,0
292,Benoît Hamon,,60-69,Other,Tertiary,Never,go_out_a_lot,3.0,scores_2,1,1,0,0,0
293,Jean-Luc Mélenchon,M,60-69,Retired,Primary,Sometimes,rather_lonely,1.0,scores_2,0,1,0,0,0
294,Jean-Luc Mélenchon,F,40-49,Public sector employee,Tertiary,Never,go_out_a_little,3.0,scores_2,0,0,0,0,0
295,Emmanuel Macron,M,40-49,Private sector employee,Secondary,Sometimes,go_out_a_lot,8.0,scores_2,1,1,1,0,0
296,Emmanuel Macron,F,18-29,Student,Tertiary,Never,go_out_a_little,5.0,scores_2,0,1,0,1,0
297,François Fillon,M,60-69,Self-employed,Tertiary,Never,rather_lonely,7.0,scores_2,1,0,0,0,0
298,François Fillon,M,40-49,Private sector employee,Secondary,Never,go_out_a_little,3.6666666666666665,scores_2,1,0,0,0,0
299,Jean-Luc Mélenchon,M,18-29,Public sector employee,Secondary,Never,go_out_a_lot,1.0,scores_2,1,1,1,1,0
300,François Fillon,F,50-59,Public sector employee,Tertiary,Sometimes,go_out_a_lot,8.0,scores_2,1,0,0,0,0
301,Emmanuel Macron,F,50-59,Self-employed,Tertiary,Never,go_out_a_little,5.0,scores_2,0,0,0,1,0
302,,M,18-29,Private sector employee,Tertiary,Never,go_out_a_lot,3.0,scores_2,0,1,0,0,0
303,Emmanuel Macron,M,18-29,Public sector employee,Tertiary,Never,go_out_a_lot,2.0,scores_2,1,1,0,1,0
304,Benoît Hamon,M,18-29,Student,Tertiary,Never,go_out_a_lot,5.0,scores_2,0,1,1,1,0
305,Jean-Luc Mélenchon,M,70+,Public sector employee,Tertiary,Never,go_out_a_lot,1.0,scores_2,1,1,0,0,0
306,Emmanuel Macron,M,30-39,Private sector employee,Tertiary,Never,go_out_a_little,1.0,scores_2,1,1,1,1,0
307,Emmanuel Macron,M,18-29,Unemployed,Secondary,Never,go_out_a_little,,scores_2,1,1,0,0,0
308,Jean-Luc Mélenchon,F,60-69,Retired,Tertiary,Sometimes,go_out_a_lot,3.0,scores_2,1,1,0,0,0
309,Benoît Hamon,M,40-49,Retired,Tertiary,Never,go_out_a_little,3.0,scores_2,1,1,0,1,0
310,Emmanuel Macron,,,,,,,,scores_2,0,0,0,0,0
311,Emmanuel Macron,F,60-69,Retired,Tertiary,Never,go_out_a_lot,4.0,scores_2,1,1,0,1,0
312,Marine Le Pen,F,30-39,Unemployed,Tertiary,Never,go_out_a_little,,scores_2,0,1,1,0,0
313,François Fillon,M,60-69,Retired,Secondary,Sometimes,go_out_a_lot,7.0,scores_2,0,1,1,1,0
314,François Fillon,F,40-49,Self-employed,Tertiary,Never,go_out_a_little,5.0,scores_2,0,0,1,1,0
315,Emmanuel Macron,F,60-69,Public sector employee,Tertiary,Never,go_out_a_lot,4.0,scores_2,1,1,0,1,0
316,Jean-Luc Mélenchon,F,18-29,Other,Tertiary,Never,go_out_a_lot,4.0,scores_2,0,1,0,1,0
317,Jean-Luc Mélenchon,M,18-29,Student,Tertiary,Never,go_out_a_lot,4.0,scores_2,1,1,1,1,0
318,Emmanuel Macron,F,30-39,Private sector employee,Tertiary,Never,go_out_a_lot,4.0,scores_2,1,1,0,0,0
319,Jean-Luc Mélenchon,M,40-49,Public sector employee,Tertiary,Never,go_out_a_lot,,scores_2,0,1,0,0,0
320,Emmanuel Macron,M,50-59,Private sector employee,Tertiary,Sometimes,rather_lonely,4.0,scores_2,1,1,0,0,0
321,,M,50-59,Public sector employee,Tertiary,Never,go_out_a_lot,2.0,scores_2,0,1,0,0,0
322,Emmanuel Macron,F,30-39,Self-employed,Tertiary,Never,go_out_a_little,3.0,scores_2,0,1,0,0,0
323,François Fillon,F,18-29,Private sector employee,Tertiary,Never,go_out_a_lot,5.0,scores_2,1,0,0,0,0
324,Jean-Luc Mélenchon,M,30-39,Public sector employee,Tertiary,Never,go_out_a_lot,9.0,scores_2,0,1,0,0,0
325,Jean-Luc Mélenchon,M,40-49,Public sector employee,Tertiary,Never,go_out_a_little,4.0,scores_2,1,1,0,1,0
326,Jean-Luc Mélenchon,M,40-49,Private sector employee,Tertiary,Never,go_out_a_lot,5.0,scores_2,0,0,0,0,1
327,Jean-Luc Mélenchon,F,18-29,Student,Tertiary,Never,go_out_a_lot,,scores_2,1,1,1,1,0
328,Jean-Luc Mélenchon,F,30-39,Unemployed,Secondary,Sometimes,,5.0,scores_2,1,1,1,1,0
329,Emmanuel Macron,M,30-39,Private sector employee,Secondary,Regularly,go_out_a_lot,4.0,scores_2,1,0,0,1,0
330,Emmanuel Macron,F,40-49,Private sector employee,Tertiary,Never,go_out_a_lot,8.0,scores_2,1,1,1,0,0
331,Jean-Luc Mélenchon,F,30-39,Self-employed,Tertiary,Never,go_out_a_lot,1.0,scores_2,1,0,0,0,0
332,Emmanuel Macron,F,60-69,Self-employed,Tertiary,Regularly,go_out_a_little,4.0,scores_2,1,1,0,1,0
333,Jean-Luc Mélenchon,F,30-39,Other,Tertiary,Never,go_out_a_lot,,scores_2,0,1,0,0,0
334,François Fillon,F,30-39,Private sector employee,Tertiary,Sometimes,go_out_a_lot,6.0,scores_2,1,0,0,0,0
335,,M,50-59,Private sector employee,Secondary,Never,go_out_a_little,5.0,scores_2,0,1,1,0,0
336,Emmanuel Macron,F,40-49,Private sector employee,Tertiary,Never,go_out_a_little,4.0,scores_2,1,0,1,1,0
337,Jean-Luc Mélenchon,F,30-39,Public sector employee,Tertiary,Never,rather_lonely,3.0,scores_2,1,0,0,1,0
338,Jean-Luc Mélenchon,M,18-29,Student,Tertiary,Never,go_out_a_lot,2.0,scores_2,1,0,1,1,0
339,François Fillon,F,40-49,Private sector employee,Tertiary,Sometimes,go_out_a_lot,8.0,scores_2,1,1,1,1,0
340,Emmanuel Macron,,40-49,Public sector employee,Tertiary,Never,go_out_a_little,4.0,scores_2,0,1,1,1,0
341,Emmanuel Macron,M,50-59,Public sector employee,Secondary,Sometimes,go_out_a_lot,6.0,scores_2,0,1,0,0,0
342,Nicolas Dupont-Aignan,M,30-39,Private sector employee,Secondary,Never,go_out_a_little,7.0,scores_2,0,1,1,0,0
343,Emmanuel Macron,F,50-59,Private sector employee,Tertiary,Never,go_out_a_lot,4.0,scores_2,1,1,1,0,0
344,Emmanuel Macron,M,70+,Public sector employee,Secondary,Never,go_out_a_lot,5.0,scores_2,1,0,0,0,0
345,Jean-Luc Mélenchon,F,60-69,Public sector employee,,Never,,,scores_2,1,1,1,1,0
346,Emmanuel Macron,M,18-29,Public sector employee,Tertiary,Never,rather_lonely,4.0,scores_2,1,1,0,0,0
347,Emmanuel Macron,M,70+,Retired,Tertiary,Regularly,go_out_a_lot,4.0,scores_2,0,0,1,0,0
348,Emmanuel Macron,M,30-39,Private sector employee,Tertiary,Sometimes,go_out_a_lot,6.0,scores_2,1,1,1,0,0
349,Jean-Luc Mélenchon,F,40-49,Public sector employee,Tertiary,Regularly,go_out_a_lot,4.0,scores_2,0,1,0,0,0
350,Jean-Luc Mélenchon,M,18-29,Private sector employee,Tertiary,Never,go_out_a_lot,1.0,scores_2,0,1,0,1,0
351,Jean-Luc Mélenchon,M,18-29,Unemployed,Tertiary,Never,go_out_a_lot,6.0,scores_2,1,0,0,0,0
352,,F,30-39,Self-employed,Tertiary,Never,go_out_a_little,5.0,scores_2,1,0,0,0,0
353,François Fillon,M,70+,Public sector employee,Tertiary,Sometimes,go_out_a_lot,8.0,scores_2,1,1,1,1,0
354,Benoît Hamon,M,18-29,Private sector employee,Tertiary,Sometimes,go_out_a_lot,4.0,scores_2,1,1,0,0,0
355,Jean-Luc Mélenchon,M,30-39,Public sector employee,Tertiary,Never,go_out_a_lot,2.0,scores_2,1,1,1,0,0
356,Emmanuel Macron,M,18-29,Self-employed,Tertiary,Never,go_out_a_lot,6.0,scores_2,1,1,1,0,0
357,Benoît Hamon,F,60-69,Self-employed,Tertiary,Never,go_out_a_lot,2.0,scores_2,1,1,1,1,0
358,Jean-Luc Mélenchon,F,30-39,Self-employed,Tertiary,Never,go_out_a_lot,4.0,scores_2,1,1,1,0,0
359,,,,,,,,,scores_2,0,0,0,0,0
360,Jean-Luc Mélenchon,M,30-39,Private sector employee,Tertiary,Regularly,go_out_a_lot,1.0,scores_2,0,1,0,1,0
361,Emmanuel Macron,M,18-29,Private sector employee,Tertiary,Regularly,go_out_a_little,5.0,scores_2,1,1,1,0,0
362,,F,18-29,Self-employed,Tertiary,,,5.0,scores_2,0,0,0,0,1
363,François Fillon,M,18-29,Public sector employee,Tertiary,Never,go_out_a_lot,4.0,scores_2,1,1,1,1,0
364,Jean-Luc Mélenchon,F,18-29,Private sector employee,Tertiary,Never,go_out_a_lot,8.0,scores_2,0,0,1,0,0
365,Jean-Luc Mélenchon,M,50-59,Public sector employee,Tertiary,Sometimes,rather_lonely,5.0,scores_2,0,1,0,0,0
366,Jean-Luc Mélenchon,F,40-49,Private sector employee,Secondary,Sometimes,go_out_a_little,3.0,scores_2,1,0,0,0,0
367,Benoît Hamon,M,40-49,Private sector employee,Tertiary,Never,go_out_a_lot,3.0,scores_2,0,1,0,0,0
368,François Fillon,F,50-59,Private sector employee,Tertiary,Sometimes,go_out_a_lot,3.6666666666666665,scores_2,1,0,0,0,0
369,Benoît Hamon,F,30-39,Public sector employee,Tertiary,Never,go_out_a_lot,7.0,scores_2,1,1,1,1,0
370,Emmanuel Macron,M,18-29,Student,Tertiary,Never,,4.0,scores_2,1,1,0,1,0
371,Jean-Luc Mélenchon,F,18-29,Student,Tertiary,Sometimes,go_out_a_lot,3.0,scores_2,1,0,1,0,0
372,Jean-Luc Mélenchon,M,18-29,Student,Tertiary,Never,go_out_a_lot,8.0,scores_2,0,1,0,0,0
373,Marine Le Pen,F,50-59,Other,Primary,Never,rather_lonely,,scores_2,0,1,0,0,0
374,Benoît Hamon,M,50-59,Private sector employee,Tertiary,Never,go_out_a_lot,1.0,scores_2,1,1,1,1,0
375,Emmanuel Macron,M,30-39,Private sector employee,Tertiary,Sometimes,rather_lonely,6.0,scores_2,1,1,1,0,0
376,Jean-Luc Mélenchon,M,30-39,Self-employed,Tertiary,Never,go_out_a_lot,3.0,scores_2,1,0,1,0,0
377,,M,30-39,Private sector employee,Tertiary,Never,go_out_a_little,4.0,scores_2,1,1,1,0,0
378,Benoît Hamon,M,40-49,Self-employed,Tertiary,Never,go_out_a_little,3.0,scores_2,1,1,1,1,0
379,Emmanuel Macron,F,30-39,Unemployed,Tertiary,Never,rather_lonely,6.0,scores_2,1,1,1,1,1
380,Jean-Luc Mélenchon,M,18-29,Private sector employee,Secondary,Never,go_out_a_little,,scores_2,0,1,1,1,0
381,,M,50-59,Other,Tertiary,Sometimes,go_out_a_little,4.0,scores_2,0,1,0,0,0
382,,,,,,,,,scores_2,0,0,0,0,0
383,Jean-Luc Mélenchon,F,18-29,Student,Tertiary,Never,go_out_a_little,1.0,scores_2,0,1,1,0,0
384,Nicolas Dupont-Aignan,M,18-29,Public sector employee,Tertiary,Sometimes,go_out_a_little,4.0,scores_2,0,1,0,0,0
385,Jean-Luc Mélenchon,F,18-29,Student,Tertiary,Never,go_out_a_lot,5.0,scores_2,0,1,0,0,0
386,Jean-Luc Mélenchon,M,18-29,Student,Tertiary,Sometimes,go_out_a_little,2.0,scores_2,1,1,0,0,0
387,Emmanuel Macron,F,30-39,Private sector employee,Tertiary,Sometimes,go_out_a_little,,scores_2,1,0,0,0,0
388,Benoît Hamon,F,50-59,Self-employed,Tertiary,Never,rather_lonely,1.0,scores_2,1,1,0,0,0
389,Jean-Luc Mélenchon,M,40-49,Public sector employee,Secondary,Sometimes,go_out_a_lot,2.0,scores_2,0,1,0,0,0
390,Emmanuel Macron,M,30-39,Private sector employee,Secondary,Sometimes,go_out_a_lot,4.0,scores_2,1,1,0,0,0
391,Emmanuel Macron,M,40-49,Public sector employee,Tertiary,Never,go_out_a_lot,1.0,scores_2,0,1,1,1,0
392,Nicolas Dupont-Aignan,F,18-29,Private sector employee,Tertiary,Sometimes,go_out_a_lot,8.0,scores_2,1,1,1,1,0
393,Emmanuel Macron,F,70+,Retired,Tertiary,Sometimes,go_out_a_little,3.0,scores_2,1,1,1,1,0
394,,,,,,,,,scores_2,0,0,0,0,0
395,Jean-Luc Mélenchon,F,30-39,Private sector employee,Tertiary,Never,go_out_a_little,3.0,scores_2,1,1,0,0,0
396,François Fillon,M,18-29,Private sector employee,Tertiary,Never,go_out_a_lot,6.0,scores_2,1,0,0,0,0
397,Emmanuel Macron,M,18-29,Student,Tertiary,Never,go_out_a_lot,3.0,scores_2,1,0,1,1,0
398,Jean-Luc Mélenchon,M,30-39,Private sector employee,Secondary,Never,go_out_a_lot,1.0,scores_2,0,1,1,0,0
399,Jean-Luc Mélenchon,F,18-29,Student,Tertiary,Never,go_out_a_lot,5.0,scores_2,1,1,0,1,0
400,Jean-Luc Mélenchon,M,18-29,Unemployed,,Never,rather_lonely,1.0,scores_2,1,1,0,0,0
401,Philippe Poutou,M,50-59,Other,Tertiary,Sometimes,go_out_a_lot,5.0,scores_2,0,0,0,1,0
402,Benoît Hamon,F,18-29,Student,,Never,go_out_a_lot,,scores_2,0,0,0,0,0
403,Benoît Hamon,F,40-49,Public sector employee,Tertiary,Regularly,go_out_a_little,4.0,scores_2,1,1,0,0,0
404,Jean-Luc Mélenchon,F,40-49,Private sector employee,Tertiary,Never,go_out_a_lot,5.0,scores_2,1,0,0,1,0
405,Jean-Luc Mélenchon,F,40-49,Self-employed,Primary,Never,rather_lonely,1.0,scores_2,1,1,1,0,0
406,Benoît Hamon,M,40-49,Self-employed,Tertiary,Never,go_out_a_lot,4.0,scores_2,1,0,0,1,0
407,François Fillon,M,50-59,Public sector employee,Tertiary,Never,go_out_a_little,6.0,scores_2,1,1,0,1,0
408,Benoît Hamon,F,40-49,Public sector employee,Tertiary,Sometimes,go_out_a_lot,4.0,scores_2,1,1,1,0,0
409,Nathalie Arthaud,M,50-59,Public sector employee,Tertiary,Never,rather_lonely,1.0,scores_2,1,1,1,0,0
410,Emmanuel Macron,F,60-69,Public sector employee,Tertiary,Never,go_out_a_lot,3.0,scores_2,1,0,1,1,0
411,Benoît Hamon,F,18-29,Private sector employee,Tertiary,Never,go_out_a_lot,4.0,scores_2,1,1,1,1,0
412,Jean-Luc Mélenchon,M,40-49,Self-employed,Tertiary,Never,go_out_a_lot,4.0,scores_2,1,1,0,0,0
413,François Fillon,F,70+,Retired,Secondary,Sometimes,go_out_a_lot,4.0,scores_2,0,1,0,0,0
414,Benoît Hamon,F,18-29,Private sector employee,Tertiary,Never,go_out_a_lot,3.0,scores_2,0,1,0,1,0
415,Jean-Luc Mélenchon,M,50-59,Private sector employee,Secondary,,go_out_a_little,3.0,scores_2,0,0,0,0,0
416,Jean-Luc Mélenchon,M,18-29,Private sector employee,Tertiary,Never,go_out_a_lot,3.0,scores_2,1,0,0,0,0
417,Emmanuel Macron,F,18-29,Private sector employee,Tertiary,Sometimes,go_out_a_lot,6.0,scores_2,1,1,1,1,0
418,Jean-Luc Mélenchon,F,30-39,Public sector employee,Secondary,Never,go_out_a_lot,1.0,scores_2,0,1,1,0,0
419,Jean-Luc Mélenchon,,18-29,Private sector employee,Primary,Sometimes,go_out_a_little,4.0,scores_2,0,0,0,0,0
420,Emmanuel Macron,F,30-39,Self-employed,Tertiary,Never,go_out_a_lot,4.0,scores_2,1,1,1,1,0
421,François Fillon,M,60-69,Self-employed,Tertiary,Sometimes,go_out_a_lot,8.0,scores_2,1,0,1,1,0
422,Jean-Luc Mélenchon,M,40-49,Public sector employee,Tertiary,Never,go_out_a_lot,,scores_2,1,1,0,0,0
423,Emmanuel Macron,M,30-39,Self-employed,Tertiary,Never,go_out_a_little,3.0,scores_2,1,1,1,1,0
424,Jean-Luc Mélenchon,F,30-39,Public sector employee,Tertiary,Sometimes,go_out_a_lot,4.0,scores_2,1,1,1,1,0
425,Jean-Luc Mélenchon,F,18-29,Public sector employee,Tertiary,Never,,2.0,scores_2,1,1,1,1,0
426,Jean-Luc Mélenchon,M,18-29,Self-employed,Tertiary,Never,go_out_a_lot,3.0,scores_2,0,0,1,0,0
427,François Fillon,M,30-39,Public sector employee,Tertiary,Regularly,go_out_a_little,7.0,scores_2,1,1,1,0,0
428,,M,30-39,Other,Secondary,Sometimes,go_out_a_little,,scores_2,1,0,1,1,0
429,Jean-Luc Mélenchon,F,30-39,Public sector employee,Tertiary,Never,go_out_a_lot,5.0,scores_2,1,1,0,1,0
430,Emmanuel Macron,M,60-69,Retired,Secondary,Never,go_out_a_little,3.0,scores_2,1,1,1,0,0
431,Jean-Luc Mélenchon,F,60-69,Retired,Tertiary,Never,go_out_a_lot,3.0,scores_2,1,1,0,0,0
432,Benoît Hamon,F,18-29,Public sector employee,Tertiary,Never,go_out_a_little,2.0,scores_2,1,1,1,1,1
433,,F,18-29,,,,,,scores_2,0,0,0,0,1
434,Emmanuel Macron,M,18-29,Student,Tertiary,Regularly,go_out_a_lot,1.0,scores_2,1,1,1,0,0
435,Emmanuel Macron,M,18-29,Public sector employee,Tertiary,Never,go_out_a_lot,4.0,scores_2,0,1,0,0,0
436,Emmanuel Macron,M,40-49,Private sector employee,Tertiary,Never,go_out_a_lot,4.0,scores_2,0,1,0,1,0
437,Benoît Hamon,M,18-29,Student,Tertiary,Never,go_out_a_lot,,scores_2,0,1,0,1,0
438,Jean-Luc Mélenchon,F,18-29,Private sector employee,Tertiary,Never,go_out_a_lot,4.0,scores_2,1,1,0,0,1
439,Benoît Hamon,F,60-69,Public sector employee,Tertiary,Never,go_out_a_lot,3.0,scores_2,1,1,1,1,0
440,Jean-Luc Mélenchon,M,30-39,Public sector employee,Tertiary,Never,go_out_a_lot,1.0,scores_2,1,0,1,0,0
441,Jean-Luc Mélenchon,M,18-29,,Tertiary,Regularly,,1.0,scores_2,1,1,1,1,0
442,,,,,,,,,scores_2,0,0,0,0,0
443,Jean-Luc Mélenchon,M,40-49,Public sector employee,Tertiary,Never,go_out_a_lot,2.0,scores_2,1,1,1,1,0
444,Benoît Hamon,F,30-39,Public sector employee,Tertiary,Sometimes,go_out_a_little,4.0,scores_2,0,0,0,1,1
445,Benoît Hamon,M,40-49,Self-employed,Tertiary,Sometimes,go_out_a_lot,4.0,scores_2,0,1,0,0,0
446,Emmanuel Macron,F,30-39,Public sector employee,Tertiary,Never,rather_lonely,4.0,scores_2,1,1,0,0,1
447,Jean-Luc Mélenchon,F,18-29,Private sector employee,Tertiary,Never,go_out_a_lot,1.0,scores_2,1,1,1,0,0
448,,,,,,,,,scores_2,0,0,0,0,0
449,Emmanuel Macron,M,60-69,Public sector employee,Tertiary,Never,,8.0,scores_2,0,0,1,0,0
450,Jean-Luc Mélenchon,M,18-29,Student,Tertiary,Never,go_out_a_lot,2.0,scores_2,1,0,0,1,0
451,Emmanuel Macron,F,18-29,Student,Tertiary,Never,go_out_a_lot,7.0,scores_2,1,1,1,1,0
452,Jean-Luc Mélenchon,M,18-29,Student,Tertiary,Never,go_out_a_lot,,scores_2,1,1,1,0,0
453,,M,18-29,Public sector employee,Secondary,Never,go_out_a_lot,5.0,scores_2,1,0,0,1,0
454,François Fillon,M,60-69,Retired,Tertiary,Sometimes,go_out_a_lot,3.6666666666666665,scores_2,0,1,0,0,0
455,Emmanuel Macron,M,30-39,Public sector employee,Tertiary,Sometimes,go_out_a_little,3.0,scores_2,0,1,0,1,0
456,Emmanuel Macron,M,30-39,Other,Secondary,Sometimes,rather_lonely,5.0,scores_2,0,1,1,1,0
457,François Fillon,F,18-29,Student,Tertiary,Never,go_out_a_little,,scores_2,1,0,1,0,0
458,Jean-Luc Mélenchon,M,60-69,Retired,Tertiary,Never,go_out_a_lot,1.0,scores_2,0,1,0,0,0
459,Jean-Luc Mélenchon,F,30-39,Private sector employee,Tertiary,Never,go_out_a_lot,2.0,scores_2,1,1,1,1,0
460,François Fillon,F,70+,Retired,Secondary,Regularly,go_out_a_lot,8.0,scores_2,0,1,0,0,0
461,,,,,,,,,scores_2,0,0,0,0,0
462,,,,,,,,,scores_2,0,0,0,0,0
463,Emmanuel Macron,M,50-59,Public sector employee,Secondary,Sometimes,go_out_a_lot,6.0,scores_2,0,1,0,1,0
464,Jean-Luc Mélenchon,M,30-39,Public sector employee,Tertiary,Never,go_out_a_lot,3.0,scores_2,1,1,1,1,0
465,Jean-Luc Mélenchon,M,30-39,Private sector employee,Tertiary,Never,go_out_a_lot,4.0,scores_2,1,1,1,0,0
466,François Fillon,M,70+,Retired,Secondary,Regularly,go_out_a_lot,9.0,scores_2,0,1,0,0,0
467,Jean-Luc Mélenchon,F,30-39,Unemployed,Secondary,Never,go_out_a_lot,1.0,scores_2,1,0,1,1,0
468,Emmanuel Macron,F,30-39,Self-employed,Tertiary,Never,go_out_a_lot,5.0,scores_2,1,1,1,1,0
469,Emmanuel Macron,F,30-39,Self-employed,Tertiary,Never,go_out_a_lot,6.0,scores_2,0,1,1,0,0
470,Emmanuel Macron,F,50-59,Self-employed,Tertiary,Sometimes,go_out_a_little,5.0,scores_2,1,1,1,1,0
471,Jean-Luc Mélenchon,M,30-39,Private sector employee,Tertiary,Never,go_out_a_lot,8.0,scores_2,1,0,1,1,0
472,Jean-Luc Mélenchon,F,18-29,Private sector employee,Tertiary,Sometimes,go_out_a_little,3.0,scores_2,1,0,1,0,0
473,Benoît Hamon,F,30-39,Private sector employee,Tertiary,Never,go_out_a_little,4.0,scores_2,1,1,0,0,0
474,Jean-Luc Mélenchon,M,18-29,Student,Tertiary,Sometimes,go_out_a_little,4.0,scores_2,1,1,1,1,0
475,Nicolas Dupont-Aignan,F,40-49,Public sector employee,Tertiary,Never,go_out_a_little,7.0,scores_2,1,0,0,1,0
476,Jean-Luc Mélenchon,F,60-69,Public sector employee,Tertiary,Never,go_out_a_lot,7.0,scores_2,1,1,0,1,0
477,Jean-Luc Mélenchon,F,60-69,Retired,Tertiary,Never,go_out_a_little,1.0,scores_2,1,1,0,0,0
478,Benoît Hamon,M,60-69,Public sector employee,Tertiary,Never,go_out_a_lot,3.0,scores_2,1,1,1,0,0
479,Benoît Hamon,F,40-49,Public sector employee,Tertiary,Sometimes,go_out_a_little,4.0,scores_2,1,1,0,0,0
480,Benoît Hamon,F,18-29,Student,Tertiary,Never,go_out_a_little,3.0,scores_2,1,0,1,1,0
481,,,,,,,,,scores_2,0,0,0,0,0
482,Emmanuel Macron,F,60-69,Self-employed,Tertiary,Sometimes,go_out_a_lot,5.0,scores_2,0,1,0,0,0
483,Emmanuel Macron,F,30-39,Public sector employee,Tertiary,Sometimes,go_out_a_lot,7.0,scores_2,1,1,1,1,0
484,Emmanuel Macron,F,18-29,Student,Tertiary,Never,go_out_a_lot,6.0,scores_2,1,1,1,1,0
485,Benoît Hamon,M,30-39,Private sector employee,,Regularly,go_out_a_lot,5.0,scores_2,1,1,1,1,0
486,,M,50-59,Private sector employee,Tertiary,Regularly,go_out_a_lot,5.0,scores_2,0,0,0,0,0
487,Emmanuel Macron,F,60-69,Private sector employee,Secondary,Never,go_out_a_little,3.0,scores_2,1,1,0,0,0
488,Emmanuel Macron,F,30-39,Private sector employee,Tertiary,Never,rather_lonely,0.0,scores_2,1,1,0,1,0
489,Marine Le Pen,M,30-39,Public sector employee,Tertiary,Regularly,go_out_a_lot,,scores_2,1,1,0,0,0
490,Jean-Luc Mélenchon,M,50-59,Private sector employee,Secondary,Sometimes,go_out_a_lot,3.0,scores_2,1,1,0,1,0
491,,,,,,,,,scores_2,0,0,0,0,0
492,François Fillon,M,50-59,Private sector employee,Secondary,Never,go_out_a_little,9.0,scores_2,1,0,0,0,0
493,Emmanuel Macron,F,40-49,Student,Tertiary,Regularly,go_out_a_little,3.0,scores_2,0,1,1,0,0
494,Emmanuel Macron,M,60-69,Private sector employee,Tertiary,Regularly,go_out_a_lot,6.0,scores_2,1,1,1,0,0
495,,,,,,,,,scores_2,0,0,0,0,0
496,Benoît Hamon,M,50-59,Private sector employee,Tertiary,Never,go_out_a_little,5.0,scores_2,1,1,1,1,0
497,Jean-Luc Mélenchon,F,18-29,Private sector employee,Secondary,Never,go_out_a_little,1.0,scores_2,1,0,0,1,0
498,Jean Lassalle,F,18-29,Student,Tertiary,Sometimes,go_out_a_little,,scores_2,0,0,0,0,1
499,Benoît Hamon,M,18-29,Public sector employee,Tertiary,Never,go_out_a_lot,1.0,scores_2,1,1,1,1,0
500,Benoît Hamon,M,40-49,Self-employed,Tertiary,Sometimes,go_out_a_lot,3.0,scores_2,1,1,1,0,0
501,Emmanuel Macron,F,60-69,Retired,Tertiary,Sometimes,go_out_a_lot,5.0,scores_2,1,0,0,1,0
502,Marine Le Pen,M,30-39,Private sector employee,Tertiary,Never,go_out_a_little,5.0,scores_2,1,1,0,0,0
503,Benoît Hamon,F,18-29,Student,Tertiary,Never,go_out_a_lot,8.0,scores_2,1,0,1,1,0
504,Jean-Luc Mélenchon,M,18-29,Public sector employee,Tertiary,Never,go_out_a_lot,1.0,scores_2,0,1,0,0,0
505,,F,18-29,Student,Tertiary,Never,go_out_a_little,7.0,scores_2,1,0,0,1,0
506,Jean-Luc Mélenchon,M,18-29,Student,Tertiary,Never,go_out_a_lot,4.0,scores_2,0,1,1,1,0
507,Emmanuel Macron,F,30-39,Public sector employee,Tertiary,Never,go_out_a_lot,3.0,scores_2,1,1,0,0,0
508,Emmanuel Macron,F,30-39,Private sector employee,Tertiary,Sometimes,go_out_a_lot,5.0,scores_2,0,1,0,1,0
509,Emmanuel Macron,M,18-29,Student,Tertiary,Never,go_out_a_lot,4.0,scores_2,1,1,1,0,0
510,Jean-Luc Mélenchon,M,18-29,Unemployed,Secondary,Never,go_out_a_little,3.6666666666666665,scores_2,0,1,0,0,0
511,Jean-Luc Mélenchon,M,18-29,Private sector employee,Primary,Never,go_out_a_lot,,scores_2,1,1,0,0,0
512,Jean-Luc Mélenchon,M,18-29,Student,Tertiary,Sometimes,go_out_a_little,2.0,scores_2,0,0,0,1,0
513,Emmanuel Macron,F,70+,Retired,Secondary,Never,go_out_a_lot,7.0,scores_2,0,0,0,1,0
514,Marine Le Pen,F,60-69,Unemployed,Tertiary,Regularly,go_out_a_lot,7.0,scores_2,1,1,1,0,0
515,,,,,,,,,scores_2,0,0,0,0,0
516,,,,,,,,,scores_2,0,0,0,0,0
517,,,,,,,,,scores_2,0,0,0,0,0
518,,,,,,,,,scores_2,0,0,0,0,0
519,,,,,,,,,scores_2,0,0,0,0,0
520,,,,,,,,,scores_2,0,0,0,0,0
521,,,,,,,,,scores_2,0,0,0,0,0
522,,,,,,,,,scores_2,0,0,0,0,0
523,Jean-Luc Mélenchon,M,50-59,Private sector employee,Secondary,Never,rather_lonely,5.0,scores_2,0,0,1,0,0
524,Benoît Hamon,F,30-39,Public sector employee,Tertiary,Never,go_out_a_little,4.0,scores_2,0,0,1,0,0
525,Nicolas Dupont-Aignan,F,50-59,Self-employed,Tertiary,Never,go_out_a_lot,5.0,scores_2,0,1,0,0,0
526,Benoît Hamon,M,30-39,Unemployed,Tertiary,Sometimes,go_out_a_little,8.0,scores_2,1,1,0,0,0
527,Jean-Luc Mélenchon,F,30-39,Private sector employee,Primary,Never,go_out_a_lot,3.0,scores_3,1,0,1,1,0
528,Benoît Hamon,M,50-59,Other,Tertiary,Never,go_out_a_lot,3.5,scores_3,1,1,1,0,0
529,Emmanuel Macron,M,18-29,Private sector employee,Tertiary,Sometimes,go_out_a_lot,5.0,scores_3,0,0,1,1,0
530,Emmanuel Macron,F,50-59,Public sector employee,Tertiary,Never,go_out_a_little,3.0,scores_3,1,1,0,0,0
531,Emmanuel Macron,F,30-39,Private sector employee,Tertiary,Never,go_out_a_lot,6.0,scores_3,0,0,1,0,0
532,Emmanuel Macron,F,18-29,Public sector employee,Tertiary,Never,go_out_a_lot,5.0,scores_3,1,1,1,0,0
533,Emmanuel Macron,F,40-49,Private sector employee,Tertiary,Sometimes,go_out_a_little,6.0,scores_3,1,0,1,0,0
534,Jean-Luc Mélenchon,F,60-69,Retired,Secondary,Never,go_out_a_little,2.0,scores_3,0,0,0,1,0
535,François Fillon,F,40-49,Private sector employee,Tertiary,Never,go_out_a_lot,3.6666666666666665,scores_3,0,0,1,0,0
536,,M,40-49,Public sector employee,Tertiary,,go_out_a_little,,scores_3,0,1,0,0,0
537,Jean-Luc Mélenchon,M,40-49,Other,Tertiary,Sometimes,go_out_a_lot,3.0,scores_3,1,1,0,1,0
538,Nicolas Dupont-Aignan,M,18-29,,Tertiary,Never,go_out_a_lot,5.0,scores_3,1,1,1,0,0
539,Emmanuel Macron,M,50-59,Self-employed,Tertiary,Never,go_out_a_little,3.5,scores_3,1,1,0,0,0
540,Emmanuel Macron,F,50-59,Public sector employee,Tertiary,Sometimes,go_out_a_little,5.0,scores_3,0,1,1,1,0
541,Benoît Hamon,F,30-39,Public sector employee,Tertiary,Never,go_out_a_lot,3.0,scores_3,0,1,1,0,0
542,Benoît Hamon,M,18-29,Student,Tertiary,Never,go_out_a_lot,3.0,scores_3,0,0,1,0,0
543,Jean-Luc Mélenchon,,50-59,,Tertiary,Never,go_out_a_little,5.0,scores_3,0,0,0,0,1
544,Benoît Hamon,F,40-49,Private sector employee,Primary,Sometimes,go_out_a_lot,1.0,scores_3,0,0,0,1,0
545,François Fillon,M,18-29,Self-employed,Tertiary,Sometimes,go_out_a_lot,6.0,scores_3,1,1,1,1,0
546,François Fillon,F,70+,Retired,Primary,Sometimes,go_out_a_little,3.6666666666666665,scores_3,0,1,0,0,0
547,François Fillon,M,60-69,Self-employed,Secondary,Regularly,go_out_a_lot,6.0,scores_3,0,1,0,0,0
548,Emmanuel Macron,M,70+,Retired,Tertiary,Never,go_out_a_lot,5.0,scores_3,1,1,0,0,0
549,Jean-Luc Mélenchon,M,70+,Retired,Secondary,Sometimes,go_out_a_little,,scores_3,1,0,0,0,0
550,,,,,,,,,scores_3,0,0,0,0,0
551,Emmanuel Macron,M,30-39,Private sector employee,Tertiary,Sometimes,go_out_a_lot,5.0,scores_3,1,1,0,1,0
552,Philippe Poutou,M,,Retired,,Regularly,,,scores_3,0,0,1,0,0
553,,,,,,,,,scores_3,0,0,0,0,0
554,,,,,,,,,scores_3,0,0,0,0,0
555,Jean-Luc Mélenchon,F,30-39,Unemployed,Tertiary,Sometimes,go_out_a_little,3.0,scores_3,1,0,0,1,0
556,Benoît Hamon,M,30-39,Public sector employee,Tertiary,Sometimes,go_out_a_lot,3.0,scores_3,1,1,1,1,0
557,Benoît Hamon,M,40-49,Public sector employee,Secondary,Sometimes,go_out_a_little,2.0,scores_3,1,0,1,0,0
558,Benoît Hamon,M,50-59,Public sector employee,Tertiary,Never,go_out_a_lot,3.0,scores_3,1,0,1,1,0
559,François Fillon,M,50-59,Private sector employee,Tertiary,Never,go_out_a_little,5.0,scores_3,0,1,1,0,0
560,Marine Le Pen,F,40-49,Private sector employee,Tertiary,Never,go_out_a_lot,5.0,scores_3,0,1,0,0,0
561,Marine Le Pen,M,60-69,Retired,Tertiary,Sometimes,go_out_a_little,5.0,scores_3,0,1,0,0,0
562,Jean-Luc Mélenchon,M,30-39,Private sector employee,Tertiary,Never,go_out_a_lot,1.0,scores_3,1,0,1,1,0
563,,F,70+,Retired,Tertiary,Never,go_out_a_lot,4.0,scores_3,1,0,0,1,0
564,Benoît Hamon,M,60-69,Retired,Tertiary,Sometimes,go_out_a_lot,3.0,scores_3,1,1,0,1,0
565,Nicolas Dupont-Aignan,M,18-29,Student,Tertiary,Never,go_out_a_lot,5.0,scores_3,1,1,0,1,0
566,,M,18-29,Student,Tertiary,Never,go_out_a_lot,7.0,scores_3,1,1,1,1,0
567,,,,,Tertiary,Never,rather_lonely,,scores_3,0,0,1,0,0
568,Benoît Hamon,M,60-69,Public sector employee,Tertiary,Never,go_out_a_lot,2.0,scores_3,1,1,1,1,0
569,Jean-Luc Mélenchon,F,18-29,Other,Tertiary,Never,rather_lonely,3.0,scores_3,1,1,1,1,0
570,Jean-Luc Mélenchon,F,30-39,Private sector employee,Primary,Regularly,go_out_a_lot,,scores_3,1,0,0,0,0
571,Emmanuel Macron,F,30-39,Self-employed,Tertiary,Never,go_out_a_lot,8.0,scores_3,0,1,0,0,0
572,Jean-Luc Mélenchon,F,60-69,Public sector employee,Tertiary,Never,go_out_a_little,3.0,scores_3,1,1,1,0,0
573,,F,30-39,,,,,1.0,scores_3,0,0,0,0,0
574,Jean-Luc Mélenchon,F,30-39,Private sector employee,Tertiary,Never,go_out_a_lot,3.0,scores_3,1,1,0,1,0
575,Jean-Luc Mélenchon,M,40-49,Public sector employee,Tertiary,Sometimes,go_out_a_lot,1.0,scores_3,1,1,1,1,0
576,Benoît Hamon,M,30-39,Public sector employee,Tertiary,Sometimes,go_out_a_little,3.0,scores_3,1,1,1,0,0
577,Emmanuel Macron,F,60-69,Retired,Tertiary,Never,go_out_a_lot,6.0,scores_3,0,1,0,0,0
578,Emmanuel Macron,M,30-39,Other,Tertiary,Sometimes,,4.0,scores_3,1,1,1,0,0
579,Jean-Luc Mélenchon,M,60-69,Retired,Secondary,Never,go_out_a_lot,2.0,scores_3,0,1,0,0,0
580,François Fillon,M,60-69,Retired,Primary,Sometimes,go_out_a_little,5.0,scores_3,1,0,1,0,0
581,Jean-Luc Mélenchon,M,18-29,Student,Tertiary,Sometimes,go_out_a_lot,3.6666666666666665,scores_3,1,0,0,0,0
582,Benoît Hamon,F,18-29,Private sector employee,Tertiary,Regularly,go_out_a_lot,5.0,scores_3,1,1,0,0,0
583,Jean-Luc Mélenchon,M,50-59,Private sector employee,Secondary,Never,go_out_a_little,5.0,scores_3,1,1,1,1,0
584,Emmanuel Macron,F,30-39,Private sector employee,Secondary,Sometimes,go_out_a_little,1.0,scores_3,0,1,0,0,0
585,Benoît Hamon,M,40-49,Public sector employee,Tertiary,Never,go_out_a_little,3.0,scores_3,1,1,0,0,1
586,François Fillon,F,40-49,Self-employed,Tertiary,Sometimes,go_out_a_lot,3.6666666666666665,scores_3,0,1,0,0,0
587,Benoît Hamon,F,60-69,Retired,Secondary,Never,go_out_a_little,4.0,scores_3,1,1,1,1,0
588,Benoît Hamon,M,60-69,Private sector employee,Secondary,Regularly,go_out_a_little,2.0,scores_3,0,1,0,0,0
589,Jean-Luc Mélenchon,M,40-49,Public sector employee,Secondary,Sometimes,go_out_a_little,1.0,scores_3,0,1,0,0,0
590,Emmanuel Macron,F,30-39,Private sector employee,Tertiary,Never,go_out_a_lot,6.0,scores_3,1,1,0,0,0
591,Jean-Luc Mélenchon,M,30-39,Private sector employee,Tertiary,Never,go_out_a_lot,1.0,scores_3,1,0,1,0,0
592,Jean-Luc Mélenchon,M,50-59,Other,Tertiary,Sometimes,go_out_a_lot,4.0,scores_3,0,1,0,1,0
593,Emmanuel Macron,F,50-59,Private sector employee,Tertiary,Never,go_out_a_lot,3.0,scores_3,1,1,0,0,0
594,Emmanuel Macron,M,40-49,Unemployed,Tertiary,Never,go_out_a_lot,3.0,scores_3,0,0,1,0,0
595,Benoît Hamon,F,40-49,Public sector employee,Tertiary,Never,go_out_a_lot,3.0,scores_3,1,1,1,1,0
596,Jean-Luc Mélenchon,M,18-29,Private sector employee,Tertiary,Never,go_out_a_lot,3.5,scores_3,0,1,1,0,1
597,Emmanuel Macron,M,18-29,Student,Tertiary,Never,go_out_a_little,4.0,scores_3,0,1,0,0,0
598,Jean-Luc Mélenchon,F,30-39,Other,Primary,Never,go_out_a_lot,2.0,scores_3,1,0,1,1,0
599,Jean-Luc Mélenchon,F,30-39,Self-employed,Tertiary,Sometimes,go_out_a_lot,5.0,scores_3,1,1,1,1,0
600,,,,,,,,,scores_3,0,0,0,0,0
601,François Fillon,M,60-69,Retired,Tertiary,Sometimes,go_out_a_lot,7.0,scores_3,0,1,1,0,0
602,Benoît Hamon,M,50-59,Other,Tertiary,Sometimes,go_out_a_little,3.0,scores_3,0,1,1,0,0
603,Emmanuel Macron,F,30-39,Private sector employee,Tertiary,Never,go_out_a_little,3.0,scores_3,1,1,1,0,0
604,,M,70+,Retired,Primary,Sometimes,go_out_a_little,2.0,scores_3,0,1,0,0,0
605,Benoît Hamon,M,18-29,Private sector employee,Tertiary,Never,,3.0,scores_3,1,1,1,0,0
606,,,,,,,,,scores_3,0,0,0,0,0
607,Jean-Luc Mélenchon,M,30-39,Private sector employee,Tertiary,Never,rather_lonely,2.0,scores_3,0,1,0,0,0
608,François Fillon,F,30-39,Private sector employee,Tertiary,Sometimes,go_out_a_lot,9.0,scores_3,1,1,0,0,0
609,Philippe Poutou,M,18-29,Student,Tertiary,Never,go_out_a_lot,2.0,scores_3,1,1,1,1,0
610,Jean-Luc Mélenchon,M,30-39,Unemployed,Secondary,Sometimes,go_out_a_lot,3.0,scores_3,1,1,1,1,0
611,Nicolas Dupont-Aignan,F,40-49,Public sector employee,Tertiary,Sometimes,go_out_a_lot,,scores_3,0,0,0,0,1
612,François Fillon,,50-59,Unemployed,Secondary,Regularly,go_out_a_lot,6.0,scores_3,0,1,0,0,0
613,Jean-Luc Mélenchon,M,30-39,Public sector employee,Tertiary,Never,go_out_a_lot,1.0,scores_3,1,0,1,0,0
614,Jean-Luc Mélenchon,F,18-29,Private sector employee,Tertiary,Never,,2.0,scores_3,1,0,1,0,0
615,Benoît Hamon,M,30-39,Other,Tertiary,Sometimes,go_out_a_little,3.0,scores_3,0,1,0,0,0
616,François Fillon,M,70+,Retired,Tertiary,Sometimes,go_out_a_lot,8.0,scores_3,1,1,1,0,0
617,Emmanuel Macron,M,40-49,Public sector employee,Tertiary,Never,go_out_a_little,5.0,scores_3,1,1,0,0,0
618,Emmanuel Macron,M,60-69,Other,Tertiary,Never,,2.0,scores_3,1,1,1,1,0
619,François Fillon,F,60-69,Self-employed,Secondary,Sometimes,go_out_a_little,3.6666666666666665,scores_3,1,0,0,0,0
620,François Fillon,M,60-69,,Tertiary,Regularly,go_out_a_lot,,scores_3,1,1,0,0,0
621,Benoît Hamon,M,40-49,Unemployed,Tertiary,Never,rather_lonely,2.0,scores_3,1,0,1,0,0
622,Benoît Hamon,F,60-69,Private sector employee,Tertiary,Never,go_out_a_lot,8.0,scores_3,1,0,0,0,0
623,François Asselineau,F,18-29,Self-employed,Tertiary,Never,go_out_a_lot,3.0,scores_3,1,1,0,0,0
624,François Fillon,M,60-69,Retired,Tertiary,Sometimes,go_out_a_lot,3.6666666666666665,scores_3,0,1,0,0,0
625,Jean-Luc Mélenchon,F,50-59,Public sector employee,Tertiary,Never,go_out_a_little,3.0,scores_3,0,1,0,0,0
626,Benoît Hamon,F,18-29,Private sector employee,Tertiary,Never,go_out_a_little,3.0,scores_3,1,0,1,1,0
627,Emmanuel Macron,F,70+,Retired,Tertiary,Never,go_out_a_lot,4.0,scores_3,0,1,1,1,0
628,Jean-Luc Mélenchon,M,18-29,Student,Secondary,Never,go_out_a_lot,3.0,scores_3,0,1,0,0,0
629,,,,,,,,,scores_3,0,0,0,0,0
630,,,,,,,,,scores_3,0,0,0,0,0
631,Benoît Hamon,F,40-49,Private sector employee,Secondary,Sometimes,go_out_a_lot,4.0,scores_3,0,1,0,0,0
632,Jean-Luc Mélenchon,M,50-59,Public sector employee,Secondary,Never,go_out_a_lot,2.0,scores_3,1,1,0,1,0
633,Jean-Luc Mélenchon,F,50-59,Public sector employee,Tertiary,Never,rather_lonely,1.0,scores_3,1,1,0,0,0
634,Marine Le Pen,M,60-69,Retired,Primary,Sometimes,go_out_a_little,8.0,scores_3,1,1,0,0,0
635,Emmanuel Macron,M,60-69,Retired,Secondary,Sometimes,,5.0,scores_3,0,0,1,0,0
636,Jean-Luc Mélenchon,F,18-29,Public sector employee,Tertiary,Never,go_out_a_lot,3.0,scores_3,1,0,0,0,0
637,Emmanuel Macron,F,60-69,Public sector employee,Secondary,Sometimes,,9.0,scores_3,1,0,1,1,0
638,François Fillon,F,70+,Retired,Tertiary,Regularly,go_out_a_little,,scores_3,0,1,0,0,0
639,Emmanuel Macron,F,30-39,Private sector employee,Tertiary,Never,go_out_a_lot,6.0,scores_3,1,1,1,0,0
640,Jean-Luc Mélenchon,F,40-49,Public sector employee,Secondary,Never,go_out_a_lot,2.0,scores_3,1,0,1,0,0
641,Jean-Luc Mélenchon,F,18-29,Unemployed,Tertiary,Never,go_out_a_lot,3.0,scores_3,0,1,0,0,0
642,Marine Le Pen,M,60-69,Retired,Tertiary,Sometimes,go_out_a_lot,,scores_3,0,1,0,0,0
643,,,,,,,,,scores_3,0,0,0,0,0
644,Emmanuel Macron,M,40-49,Self-employed,Tertiary,Never,,4.0,scores_3,1,1,1,1,0
645,Emmanuel Macron,M,70+,Retired,Tertiary,Sometimes,go_out_a_little,5.0,scores_3,1,0,1,0,0
646,Emmanuel Macron,F,30-39,Self-employed,Tertiary,Never,go_out_a_lot,7.0,scores_3,1,1,1,0,0
647,,,,,,,,,scores_3,0,0,0,0,0
648,,F,60-69,Private sector employee,Tertiary,Never,go_out_a_lot,,scores_3,1,1,1,1,0
649,François Asselineau,F,70+,Retired,Secondary,Sometimes,go_out_a_lot,3.5,scores_3,0,1,0,0,0
650,,M,50-59,Public sector employee,Tertiary,Sometimes,go_out_a_lot,6.0,scores_3,0,1,0,1,0
651,Benoît Hamon,F,18-29,Student,Secondary,Never,go_out_a_lot,,scores_3,0,0,0,1,0
652,Jean-Luc Mélenchon,M,30-39,Self-employed,Tertiary,Never,go_out_a_little,7.0,scores_3,1,1,0,0,0
653,Benoît Hamon,F,18-29,Unemployed,Tertiary,Never,go_out_a_lot,4.0,scores_3,1,1,1,0,0
654,Jean-Luc Mélenchon,M,50-59,Private sector employee,Secondary,,,,scores_3,1,0,0,0,0
655,Emmanuel Macron,M,40-49,Public sector employee,Tertiary,Never,go_out_a_lot,4.0,scores_3,1,1,1,1,0
656,Emmanuel Macron,M,50-59,Private sector employee,Secondary,Never,go_out_a_little,5.0,scores_3,1,1,1,0,0
657,Benoît Hamon,M,60-69,Private sector employee,Tertiary,Never,go_out_a_lot,4.0,scores_3,1,1,1,0,0
658,François Fillon,M,30-39,Private sector employee,Tertiary,Sometimes,go_out_a_lot,8.0,scores_3,1,1,0,0,0
659,Emmanuel Macron,F,18-29,Private sector employee,Tertiary,Never,go_out_a_lot,3.0,scores_3,1,1,1,0,0
660,Benoît Hamon,F,50-59,Public sector employee,Tertiary,Never,rather_lonely,4.0,scores_3,1,1,1,1,0
661,,,,,,,,,scores_3,0,0,0,0,0
662,Jean-Luc Mélenchon,F,30-39,Private sector employee,Tertiary,Sometimes,go_out_a_lot,5.0,scores_3,1,1,1,0,0
663,,,,,,,,,scores_3,0,0,0,0,0
664,Jean-Luc Mélenchon,M,18-29,Public sector employee,Tertiary,Never,go_out_a_lot,4.0,scores_3,1,1,1,0,0
665,François Fillon,F,30-39,Private sector employee,Tertiary,Never,go_out_a_little,8.0,scores_3,0,0,0,1,0
666,Jean-Luc Mélenchon,F,50-59,Private sector employee,Secondary,Never,go_out_a_lot,1.0,scores_3,1,0,0,0,0
667,Emmanuel Macron,F,50-59,Public sector employee,Tertiary,Never,go_out_a_lot,4.0,scores_3,1,0,0,1,0
668,Emmanuel Macron,F,50-59,Private sector employee,Tertiary,Never,go_out_a_lot,1.0,scores_3,1,1,1,1,0
669,,F,40-49,Self-employed,Tertiary,Never,go_out_a_little,5.0,scores_3,1,1,1,0,0
670,Emmanuel Macron,F,40-49,Private sector employee,Tertiary,Sometimes,go_out_a_little,4.0,scores_3,1,1,1,1,0
671,,,,,,,,,scores_3,0,0,0,0,0
672,Jean-Luc Mélenchon,,,,,,,,scores_3,0,0,0,0,0
673,Jean-Luc Mélenchon,F,60-69,Self-employed,Tertiary,Never,go_out_a_little,9.0,scores_3,0,1,1,1,0
674,Emmanuel Macron,M,18-29,Student,Tertiary,Never,go_out_a_lot,,scores_3,1,1,0,0,0
675,Jean-Luc Mélenchon,M,50-59,Private sector employee,Secondary,Sometimes,go_out_a_little,,scores_3,1,0,0,1,0
676,Emmanuel Macron,F,30-39,Private sector employee,Tertiary,Sometimes,go_out_a_little,7.0,scores_3,0,0,1,0,0
677,Emmanuel Macron,M,40-49,Private sector employee,Tertiary,Sometimes,go_out_a_lot,4.0,scores_3,1,1,1,1,0
678,Emmanuel Macron,M,30-39,Private sector employee,Tertiary,Regularly,go_out_a_lot,4.0,scores_3,1,0,0,0,0
679,Jean-Luc Mélenchon,M,18-29,Student,Tertiary,Never,go_out_a_lot,1.0,scores_3,1,1,0,1,0
680,Jean Lassalle,M,50-59,Other,Secondary,Never,go_out_a_little,3.6666666666666665,scores_3,1,1,0,0,0
681,Jean-Luc Mélenchon,F,18-29,Student,Tertiary,Never,go_out_a_little,3.0,scores_3,1,1,1,1,0
682,Benoît Hamon,F,30-39,Public sector employee,Secondary,Never,go_out_a_lot,3.0,scores_3,1,0,0,1,0
683,François Fillon,M,30-39,Private sector employee,Tertiary,Never,go_out_a_lot,6.0,scores_3,1,1,1,1,0
684,François Fillon,M,50-59,Public sector employee,Tertiary,Sometimes,,6.0,scores_3,1,1,1,1,0
685,Jean-Luc Mélenchon,F,18-29,,Tertiary,Never,go_out_a_lot,3.0,scores_3,1,1,1,1,0
686,Jean-Luc Mélenchon,M,40-49,Public sector employee,Tertiary,Sometimes,go_out_a_little,8.0,scores_3,1,0,0,0,0
687,Benoît Hamon,M,60-69,Retired,Tertiary,Sometimes,go_out_a_little,4.0,scores_3,0,1,0,0,0
688,Jean-Luc Mélenchon,F,30-39,Unemployed,Tertiary,Never,go_out_a_lot,1.0,scores_3,0,0,0,0,1
689,Benoît Hamon,F,18-29,Private sector employee,Secondary,Sometimes,go_out_a_little,3.0,scores_3,0,1,0,0,0
690,Jean Lassalle,F,60-69,Public sector employee,Tertiary,Never,go_out_a_lot,1.0,scores_3,1,1,1,1,0
691,Benoît Hamon,M,30-39,Private sector employee,Tertiary,Never,go_out_a_lot,3.0,scores_3,0,1,0,0,0
692,Jean-Luc Mélenchon,F,18-29,Public sector employee,Tertiary,Never,go_out_a_little,3.0,scores_3,0,0,1,1,0
693,Jean-Luc Mélenchon,M,18-29,Public sector employee,Tertiary,Never,go_out_a_lot,,scores_3,0,1,0,1,0
694,Philippe Poutou,F,50-59,Private sector employee,Tertiary,Never,rather_lonely,3.0,scores_3,1,0,0,0,0
695,Benoît Hamon,F,60-69,Retired,Secondary,Never,go_out_a_lot,3.0,scores_3,1,1,1,0,0
696,Jean Lassalle,F,70+,Self-employed,Tertiary,Never,go_out_a_lot,5.0,scores_3,1,1,0,0,0
697,,F,18-29,Student,Tertiary,Never,go_out_a_little,,scores_3,0,0,0,0,1
698,Jean-Luc Mélenchon,F,30-39,Private sector employee,Tertiary,Never,go_out_a_little,4.0,scores_3,1,0,0,1,0
699,Nathalie Arthaud,M,60-69,Retired,Tertiary,Never,go_out_a_little,1.0,scores_3,1,1,1,0,0
700,François Fillon,F,70+,Self-employed,Tertiary,Sometimes,go_out_a_little,6.0,scores_3,0,1,0,0,0
701,Jean-Luc Mélenchon,M,18-29,Student,Tertiary,Never,rather_lonely,,scores_3,1,1,0,1,0
702,Jean-Luc Mélenchon,M,30-39,Self-employed,Tertiary,Never,go_out_a_lot,2.0,scores_3,1,1,1,0,0
703,François Fillon,M,18-29,Self-employed,Tertiary,Sometimes,go_out_a_lot,8.0,scores_3,1,1,1,0,0
704,Jean-Luc Mélenchon,F,30-39,Public sector employee,Secondary,Never,go_out_a_lot,,scores_3,1,1,1,0,0
705,Benoît Hamon,F,40-49,Public sector employee,Tertiary,Never,go_out_a_little,2.0,scores_3,0,1,0,0,0
706,,M,18-29,Self-employed,Tertiary,Never,go_out_a_lot,5.0,scores_3,1,1,0,1,0
707,Jean-Luc Mélenchon,M,40-49,Public sector employee,Secondary,Never,go_out_a_little,2.0,scores_3,1,1,1,0,0
708,Jean-Luc Mélenchon,F,18-29,Self-employed,Tertiary,Never,go_out_a_lot,1.0,scores_3,0,0,1,1,0
709,Emmanuel Macron,F,40-49,Public sector employee,Tertiary,Sometimes,go_out_a_little,4.0,scores_3,1,1,0,0,0
710,,M,70+,Self-employed,Tertiary,Never,go_out_a_lot,7.0,scores_3,1,1,1,1,0
711,Emmanuel Macron,F,60-69,Public sector employee,Tertiary,Never,rather_lonely,7.0,scores_3,0,1,0,1,0
712,Emmanuel Macron,M,60-69,Student,Tertiary,Never,go_out_a_lot,4.0,scores_3,1,1,0,0,0
713,Emmanuel Macron,M,50-59,Private sector employee,Tertiary,Never,go_out_a_little,5.0,scores_3,0,0,1,0,0
714,Emmanuel Macron,M,50-59,Public sector employee,Tertiary,Never,go_out_a_little,5.0,scores_3,1,0,1,1,0
715,,,,,,,,,scores_3,0,0,0,0,0
716,Jean-Luc Mélenchon,F,40-49,Self-employed,Tertiary,Never,go_out_a_lot,3.0,scores_3,0,1,1,1,0
717,Benoît Hamon,F,30-39,Self-employed,Tertiary,Sometimes,go_out_a_little,4.0,scores_3,1,0,0,0,0
718,François Fillon,M,18-29,Private sector employee,Tertiary,Sometimes,go_out_a_lot,8.0,scores_3,1,1,1,1,0
719,Emmanuel Macron,F,50-59,Private sector employee,Tertiary,Sometimes,go_out_a_little,3.0,scores_3,0,1,0,0,0
720,Emmanuel Macron,F,40-49,Private sector employee,Tertiary,Never,go_out_a_little,5.0,scores_3,0,1,0,1,0
721,Benoît Hamon,F,18-29,Public sector employee,Tertiary,Never,go_out_a_little,5.0,scores_3,0,1,1,1,0
722,Marine Le Pen,,,,,Regularly,,,scores_3,0,0,0,0,0
723,,M,30-39,Private sector employee,Tertiary,Never,go_out_a_lot,,scores_3,0,1,0,0,0
724,Emmanuel Macron,M,40-49,Public sector employee,Tertiary,Never,go_out_a_lot,5.0,scores_3,1,1,1,0,0
725,Benoît Hamon,M,18-29,Student,Tertiary,Never,go_out_a_lot,5.0,scores_3,1,0,0,0,0
726,Emmanuel Macron,M,40-49,Public sector employee,Tertiary,Sometimes,go_out_a_lot,4.0,scores_3,1,1,1,0,0
727,Benoît Hamon,F,60-69,Private sector employee,Tertiary,Never,go_out_a_lot,9.0,scores_3,1,1,1,1,0
728,Benoît Hamon,M,30-39,Public sector employee,Tertiary,Sometimes,go_out_a_lot,2.0,scores_3,1,0,1,0,0
729,Emmanuel Macron,F,50-59,Private sector employee,Tertiary,Never,go_out_a_lot,4.0,scores_3,0,1,0,0,0
730,Benoît Hamon,F,40-49,Public sector employee,Tertiary,Never,go_out_a_little,4.0,scores_3,1,1,1,1,0
731,Emmanuel Macron,M,30-39,Self-employed,Tertiary,Never,go_out_a_lot,3.0,scores_3,1,1,1,1,0
732,,F,40-49,Public sector employee,Tertiary,Never,,7.0,scores_3,0,0,0,1,0
733,Jean-Luc Mélenchon,F,18-29,Public sector employee,Tertiary,Never,go_out_a_lot,1.0,scores_3,1,1,1,0,0
734,François Fillon,M,70+,Public sector employee,Secondary,Sometimes,go_out_a_little,5.0,scores_3,0,1,0,1,0
735,Emmanuel Macron,F,30-39,Public sector employee,Tertiary,Never,go_out_a_little,5.0,scores_3,1,0,1,1,0
736,Benoît Hamon,M,40-49,Private sector employee,Tertiary,Never,go_out_a_lot,3.0,scores_3,1,1,1,1,0
737,,,,,,,,,scores_3,0,0,0,0,0
738,Emmanuel Macron,M,18-29,Private sector employee,Tertiary,Never,go_out_a_lot,5.0,scores_3,1,1,1,1,0
739,Jean-Luc Mélenchon,M,30-39,Private sector employee,,Never,go_out_a_lot,3.0,scores_3,1,1,0,0,0
740,Emmanuel Macron,F,30-39,Self-employed,Tertiary,Never,go_out_a_little,4.0,scores_3,1,1,0,0,0
741,Marine Le Pen,M,,Private sector employee,,Sometimes,,,scores_3,0,1,0,0,0
742,Marine Le Pen,M,18-29,Unemployed,Tertiary,Never,go_out_a_little,6.0,scores_3,1,0,0,1,0
743,Jean-Luc Mélenchon,M,60-69,Public sector employee,Secondary,Sometimes,rather_lonely,8.0,scores_3,1,1,0,0,0
744,Emmanuel Macron,M,40-49,Public sector employee,Tertiary,Never,go_out_a_little,5.0,scores_3,0,1,0,1,0
745,Benoît Hamon,M,30-39,Private sector employee,Tertiary,Never,go_out_a_lot,6.0,scores_3,1,1,1,0,0
746,Jean-Luc Mélenchon,F,70+,Retired,Tertiary,Never,go_out_a_lot,2.0,scores_3,1,1,0,0,0
747,Jean-Luc Mélenchon,M,30-39,,Tertiary,Never,go_out_a_little,5.0,scores_3,1,1,0,0,0
748,Marine Le Pen,F,60-69,,Primary,Never,,,scores_3,0,0,0,0,0
749,Benoît Hamon,F,30-39,Private sector employee,Tertiary,Never,go_out_a_lot,1.0,scores_3,1,1,0,0,0
750,Benoît Hamon,M,30-39,Private sector employee,Tertiary,Sometimes,rather_lonely,3.0,scores_3,1,0,0,0,0
751,,F,18-29,Private sector employee,Secondary,Never,,5.0,scores_3,1,0,0,0,1
752,Benoît Hamon,M,60-69,Self-employed,Secondary,Never,go_out_a_lot,5.0,scores_3,0,1,0,0,0
753,Jean-Luc Mélenchon,M,18-29,,Tertiary,,,,scores_3,0,1,0,0,0
754,Emmanuel Macron,M,60-69,Retired,Primary,Sometimes,go_out_a_lot,1.0,scores_3,1,0,0,0,0
755,Emmanuel Macron,F,40-49,Public sector employee,Tertiary,Never,go_out_a_little,4.0,scores_3,1,0,1,1,0
756,,M,40-49,Unemployed,Tertiary,Never,,6.0,scores_3,1,1,1,1,0
757,Emmanuel Macron,M,18-29,Student,Tertiary,Never,go_out_a_little,4.0,scores_3,1,1,0,0,0
758,Benoît Hamon,M,60-69,Retired,Secondary,Never,go_out_a_little,3.0,scores_3,1,1,1,0,0
759,Jean-Luc Mélenchon,F,18-29,Private sector employee,Tertiary,Never,go_out_a_lot,3.0,scores_3,0,0,1,0,0
760,Jean-Luc Mélenchon,M,18-29,Public sector employee,Tertiary,Never,go_out_a_little,2.0,scores_3,1,1,1,1,0
761,,,,,,,,,scores_3,0,0,0,0,0
762,,,,,,,,,scores_3,0,0,0,0,0
763,Jean-Luc Mélenchon,F,18-29,Student,Tertiary,Never,go_out_a_lot,5.0,scores_3,1,1,1,0,0
764,,,,,,,,,scores_3,0,0,0,0,0
765,Jean-Luc Mélenchon,F,18-29,Student,Secondary,Regularly,go_out_a_lot,1.0,scores_3,0,0,0,1,0
766,,,,,,,,,scores_3,0,0,0,0,0
767,Benoît Hamon,M,40-49,Self-employed,Tertiary,Never,go_out_a_little,2.0,scores_3,1,0,1,1,0
768,,F,40-49,Public sector employee,Secondary,Never,go_out_a_little,1.0,scores_3,1,1,0,0,0
769,François Fillon,F,30-39,Private sector employee,Tertiary,Regularly,go_out_a_lot,7.0,scores_3,1,1,1,1,0
770,,,,,,,,,scores_3,0,0,0,0,0
771,François Fillon,M,40-49,Private sector employee,Tertiary,Never,go_out_a_lot,7.0,scores_3,1,1,1,0,0
772,Jean-Luc Mélenchon,M,30-39,Public sector employee,Tertiary,Never,rather_lonely,5.0,scores_3,1,0,1,1,0
773,Jean-Luc Mélenchon,F,40-49,Private sector employee,Secondary,Regularly,go_out_a_lot,1.0,scores_3,1,1,0,0,1
774,Emmanuel Macron,M,60-69,Public sector employee,Tertiary,Sometimes,,3.0,scores_3,1,1,1,0,0
775,Benoît Hamon,M,30-39,Private sector employee,Tertiary,Never,go_out_a_lot,6.0,scores_3,1,1,1,0,0
776,Emmanuel Macron,F,18-29,Student,Tertiary,Never,go_out_a_lot,4.0,scores_3,1,0,0,0,0
777,Emmanuel Macron,M,50-59,Private sector employee,Tertiary,Never,go_out_a_little,5.0,scores_3,1,0,0,1,0
778,Jean Lassalle,F,30-39,Private sector employee,Secondary,Never,go_out_a_lot,5.0,scores_3,0,1,0,0,0
779,Emmanuel Macron,F,30-39,Public sector employee,Tertiary,Never,go_out_a_lot,6.0,scores_3,1,1,0,1,0
780,Benoît Hamon,F,30-39,Public sector employee,Tertiary,Never,go_out_a_little,3.0,scores_3,1,1,1,1,0
781,Nicolas Dupont-Aignan,M,30-39,Private sector employee,Tertiary,Never,go_out_a_little,5.0,scores_3,1,0,0,0,0
782,François Fillon,F,40-49,Public sector employee,Tertiary,Never,go_out_a_lot,6.0,scores_3,1,1,1,0,0
783,Marine Le Pen,M,50-59,Other,Primary,Never,rather_lonely,1.0,scores_3,0,1,0,0,0
784,Benoît Hamon,,50-59,Private sector employee,Secondary,Never,go_out_a_little,2.0,scores_3,0,1,1,1,0
785,Benoît Hamon,M,18-29,Student,Tertiary,Sometimes,rather_lonely,2.0,scores_3,1,1,1,1,0
786,Benoît Hamon,F,18-29,Public sector employee,Tertiary,Never,go_out_a_lot,1.0,scores_3,1,1,1,1,0
787,Jean-Luc Mélenchon,M,60-69,Retired,Tertiary,Never,go_out_a_lot,1.0,scores_3,1,1,1,1,0
788,Benoît Hamon,M,60-69,Self-employed,Tertiary,Never,go_out_a_lot,1.0,scores_3,0,1,0,0,0
789,François Fillon,M,50-59,Private sector employee,Secondary,Never,go_out_a_lot,3.6666666666666665,scores_3,0,1,0,0,0
790,Emmanuel Macron,F,40-49,Self-employed,Tertiary,Never,go_out_a_little,4.0,scores_3,1,0,0,1,0
791,Emmanuel Macron,F,50-59,Public sector employee,Tertiary,Sometimes,go_out_a_lot,4.0,scores_3,0,1,0,0,0
792,Jean-Luc Mélenchon,F,50-59,Public sector employee,Tertiary,Never,go_out_a_lot,3.0,scores_3,1,1,1,0,0
793,Emmanuel Macron,F,18-29,Student,Tertiary,Never,go_out_a_lot,8.0,scores_3,0,0,1,1,0
794,Jean-Luc Mélenchon,F,30-39,Self-employed,Tertiary,Never,go_out_a_lot,3.0,scores_3,1,1,1,1,0
795,,,,,,,,,scores_3,0,0,0,0,0
796,Jean-Luc Mélenchon,M,18-29,Student,Tertiary,Never,go_out_a_lot,4.0,scores_3,1,1,1,1,0
797,Jean-Luc Mélenchon,F,18-29,Unemployed,Tertiary,Never,go_out_a_little,5.0,scores_3,0,1,0,0,0
798,Jean-Luc Mélenchon,M,60-69,Public sector employee,Tertiary,Never,go_out_a_lot,3.0,scores_3,1,1,1,1,0
799,Emmanuel Macron,M,70+,Retired,Tertiary,Sometimes,go_out_a_little,,scores_3,0,1,0,0,0
800,Benoît Hamon,M,40-49,Public sector employee,Tertiary,Never,go_out_a_lot,8.0,scores_3,1,0,0,0,0
801,,,,,,,,,scores_3,0,0,0,0,0
802,Jean-Luc Mélenchon,F,18-29,Student,Tertiary,Regularly,go_out_a_lot,4.0,scores_3,1,1,1,1,0
803,Jean-Luc Mélenchon,M,18-29,Private sector employee,Secondary,Sometimes,go_out_a_lot,3.0,scores_3,1,0,1,0,0
804,Jean-Luc Mélenchon,F,18-29,Student,Tertiary,Never,go_out_a_lot,,scores_3,1,1,1,1,0
805,Marine Le Pen,M,70+,Public sector employee,Tertiary,Never,go_out_a_lot,3.6666666666666665,scores_3,0,1,0,0,0
806,Jean-Luc Mélenchon,M,40-49,Private sector employee,Secondary,Never,go_out_a_lot,3.0,scores_3,0,1,1,0,0
807,Emmanuel Macron,M,50-59,Private sector employee,Tertiary,Never,go_out_a_lot,5.0,scores_3,1,1,1,1,0
808,François Fillon,F,30-39,Self-employed,Tertiary,Sometimes,go_out_a_lot,5.0,scores_3,1,1,1,0,0
809,Benoît Hamon,M,30-39,Public sector employee,Tertiary,Never,go_out_a_little,1.0,scores_3,1,1,1,1,0
810,Emmanuel Macron,M,30-39,Public sector employee,Tertiary,Never,go_out_a_lot,4.0,scores_3,1,1,1,0,0
811,Jean-Luc Mélenchon,F,30-39,Public sector employee,Tertiary,Never,go_out_a_lot,2.5,scores_3,1,1,0,1,0
812,,F,50-59,Private sector employee,Tertiary,Sometimes,go_out_a_little,5.0,scores_3,1,1,0,0,0
813,Jean-Luc Mélenchon,M,30-39,Public sector employee,Tertiary,Never,go_out_a_lot,1.0,scores_3,1,1,0,1,0
814,Emmanuel Macron,M,40-49,Private sector employee,Tertiary,Sometimes,go_out_a_lot,2.0,scores_3,0,1,0,0,0
815,Jean-Luc Mélenchon,M,18-29,Unemployed,Tertiary,Never,go_out_a_little,2.0,scores_3,1,0,0,1,0
816,Jean-Luc Mélenchon,M,30-39,Student,Tertiary,Never,go_out_a_lot,2.0,scores_3,0,0,1,0,0
817,François Fillon,M,50-59,Private sector employee,Tertiary,Sometimes,go_out_a_little,8.0,scores_3,1,1,0,0,0
818,Jean-Luc Mélenchon,F,30-39,Public sector employee,Tertiary,Never,go_out_a_lot,2.0,scores_3,1,1,1,1,0
819,Jean-Luc Mélenchon,M,60-69,Retired,Secondary,Never,go_out_a_lot,1.0,scores_3,1,1,0,0,0
820,Jean-Luc Mélenchon,F,18-29,Student,Tertiary,Never,go_out_a_lot,3.0,scores_3,1,1,0,0,0
821,François Fillon,M,30-39,Private sector employee,Tertiary,Never,go_out_a_little,7.0,scores_3,1,1,1,0,0
822,Benoît Hamon,M,30-39,Private sector employee,Tertiary,Regularly,go_out_a_lot,1.0,scores_3,1,1,0,1,0
823,,M,18-29,Student,Tertiary,Never,go_out_a_lot,4.0,scores_3,1,1,0,0,0
824,Jean-Luc Mélenchon,F,30-39,Private sector employee,Tertiary,Never,go_out_a_lot,1.0,scores_4,1,1,1,0,0
825,Emmanuel Macron,M,50-59,Public sector employee,Tertiary,Never,go_out_a_lot,6.0,scores_4,1,1,0,0,0
826,Benoît Hamon,M,60-69,Retired,Tertiary,Sometimes,go_out_a_lot,3.0,scores_4,1,0,0,0,0
827,Nicolas Dupont-Aignan,M,50-59,Private sector employee,Tertiary,Sometimes,go_out_a_little,5.0,scores_4,1,1,1,0,0
828,,,,,,,,,scores_4,0,0,0,0,0
829,Benoît Hamon,M,40-49,Public sector employee,Secondary,Never,go_out_a_lot,5.0,scores_4,1,1,1,0,0
830,Jean-Luc Mélenchon,F,40-49,Self-employed,Tertiary,Never,go_out_a_little,,scores_4,1,1,0,1,0
831,,M,70+,,,,,,scores_4,0,1,0,0,0
832,François Asselineau,M,18-29,Public sector employee,Tertiary,Never,go_out_a_little,,scores_4,1,1,0,1,0
833,Benoît Hamon,M,40-49,Private sector employee,Tertiary,Never,go_out_a_lot,,scores_4,1,1,1,1,0
834,Jean-Luc Mélenchon,F,50-59,Public sector employee,Secondary,Sometimes,go_out_a_little,3.0,scores_4,1,1,1,0,0
835,Emmanuel Macron,F,30-39,Public sector employee,Tertiary,Sometimes,go_out_a_lot,5.0,scores_4,1,1,0,0,0
836,Emmanuel Macron,M,50-59,Private sector employee,Secondary,Never,go_out_a_lot,3.6666666666666665,scores_4,0,1,0,0,0
837,Emmanuel Macron,F,18-29,Private sector employee,Tertiary,Never,go_out_a_lot,4.0,scores_4,1,0,0,0,0
838,Benoît Hamon,M,30-39,Public sector employee,Tertiary,Never,go_out_a_lot,7.0,scores_4,1,1,1,0,0
839,François Fillon,F,70+,Private sector employee,Secondary,Regularly,rather_lonely,5.0,scores_4,0,1,0,0,0
840,Emmanuel Macron,M,40-49,Public sector employee,Tertiary,Sometimes,go_out_a_lot,,scores_4,1,1,1,1,0
841,Emmanuel Macron,M,40-49,Public sector employee,Secondary,Never,go_out_a_lot,3.0,scores_4,1,1,1,1,0
842,Benoît Hamon,M,30-39,Unemployed,Tertiary,Regularly,go_out_a_little,,scores_4,0,1,1,0,0
843,Jean-Luc Mélenchon,F,30-39,Unemployed,Tertiary,Never,go_out_a_lot,1.0,scores_4,0,0,1,0,0
844,Emmanuel Macron,M,40-49,Public sector employee,Primary,Never,go_out_a_little,3.0,scores_4,0,1,0,0,0
845,Jean-Luc Mélenchon,F,60-69,,Primary,Never,go_out_a_little,3.6666666666666665,scores_4,0,1,0,1,0
846,Emmanuel Macron,F,50-59,Private sector employee,Secondary,Never,go_out_a_lot,4.0,scores_4,0,0,0,1,0
847,,,,,,,,,scores_4,0,0,0,0,0
848,François Asselineau,F,40-49,Public sector employee,Tertiary,Regularly,go_out_a_little,0.0,scores_4,0,0,0,1,0
849,Jean-Luc Mélenchon,F,18-29,Private sector employee,Secondary,Never,go_out_a_little,3.0,scores_4,0,0,1,0,0
850,Benoît Hamon,M,30-39,Self-employed,,Never,go_out_a_lot,3.0,scores_4,1,1,1,1,0
851,Emmanuel Macron,M,50-59,Private sector employee,,Sometimes,go_out_a_little,,scores_4,0,0,1,1,0
852,,,,,,,,,scores_4,0,0,0,0,0
853,Benoît Hamon,F,18-29,Student,Tertiary,Never,go_out_a_lot,3.0,scores_4,1,0,0,0,0
854,Emmanuel Macron,F,30-39,Public sector employee,Tertiary,Never,go_out_a_lot,4.0,scores_4,1,1,1,1,0
855,,,,,,,,,scores_4,0,0,0,0,0
856,Jean-Luc Mélenchon,M,70+,Public sector employee,Tertiary,Never,go_out_a_lot,,scores_4,0,0,0,1,0
857,,,,,,,,,scores_4,0,0,0,0,0
858,François Fillon,M,70+,Public sector employee,,Sometimes,go_out_a_lot,,scores_4,1,1,1,0,0
859,Emmanuel Macron,M,18-29,Private sector employee,Tertiary,Never,go_out_a_little,,scores_4,0,1,0,0,0
860,Emmanuel Macron,M,18-29,,,Never,,,scores_4,1,1,0,0,0
861,Jean-Luc Mélenchon,M,60-69,Other,Secondary,Sometimes,go_out_a_little,1.0,scores_4,0,1,0,0,0
862,Benoît Hamon,,30-39,Public sector employee,Secondary,Sometimes,go_out_a_lot,3.0,scores_4,0,1,0,0,0
863,Jean-Luc Mélenchon,F,30-39,,Tertiary,Sometimes,go_out_a_little,5.0,scores_4,0,1,0,0,0
864,,,,,,,,,scores_4,0,0,0,0,0
865,Marine Le Pen,,40-49,Other,Tertiary,Never,go_out_a_lot,1.0,scores_4,0,0,1,0,0
866,Marine Le Pen,M,60-69,Private sector employee,Tertiary,Never,go_out_a_lot,,scores_4,0,1,0,0,0
867,Emmanuel Macron,F,60-69,Public sector employee,Tertiary,Regularly,go_out_a_lot,,scores_4,0,1,1,0,0
868,Benoît Hamon,M,18-29,Private sector employee,Tertiary,Sometimes,go_out_a_lot,5.0,scores_4,0,0,1,1,0
869,Emmanuel Macron,F,60-69,Retired,Tertiary,Never,go_out_a_little,2.0,scores_4,0,1,0,0,0
870,Emmanuel Macron,F,40-49,Public sector employee,Tertiary,Never,go_out_a_lot,6.0,scores_4,0,1,0,0,0
871,Emmanuel Macron,M,30-39,Public sector employee,Tertiary,Sometimes,go_out_a_lot,5.0,scores_4,1,0,1,0,0
872,Jean-Luc Mélenchon,M,50-59,Public sector employee,Tertiary,Sometimes,,3.0,scores_4,1,1,1,0,0
873,Emmanuel Macron,M,40-49,Self-employed,Tertiary,Never,,,scores_4,0,1,0,1,0
874,Jean-Luc Mélenchon,M,18-29,Private sector employee,Tertiary,Never,go_out_a_little,5.0,scores_4,1,1,1,0,0
875,Jean-Luc Mélenchon,F,18-29,Student,Tertiary,Sometimes,go_out_a_lot,2.0,scores_4,0,0,0,1,0
876,Marine Le Pen,F,40-49,Public sector employee,Secondary,Never,go_out_a_little,3.6666666666666665,scores_4,0,1,0,0,0
877,Jean-Luc Mélenchon,M,18-29,Student,Secondary,Never,go_out_a_lot,3.0,scores_4,1,0,0,0,0
878,Jean-Luc Mélenchon,F,18-29,Student,Tertiary,Sometimes,go_out_a_lot,1.0,scores_4,1,1,1,1,0
879,François Fillon,M,30-39,Public sector employee,Tertiary,Regularly,go_out_a_lot,,scores_4,0,1,0,0,0
880,Benoît Hamon,F,50-59,Private sector employee,Tertiary,Never,go_out_a_little,1.0,scores_4,1,1,1,1,0
881,François Asselineau,F,18-29,Self-employed,Tertiary,Regularly,go_out_a_lot,5.0,scores_4,1,0,0,0,0
882,Jean-Luc Mélenchon,M,50-59,Public sector employee,Tertiary,Never,go_out_a_little,3.0,scores_4,1,1,1,0,0
883,Emmanuel Macron,M,70+,Retired,Tertiary,Sometimes,go_out_a_little,,scores_4,1,0,0,0,0
884,Emmanuel Macron,M,40-49,Public sector employee,Tertiary,Never,go_out_a_little,1.0,scores_4,0,1,1,0,0
885,Jean-Luc Mélenchon,M,60-69,Retired,,Sometimes,go_out_a_little,1.0,scores_4,1,1,1,1,0
886,Jean-Luc Mélenchon,M,30-39,Other,Tertiary,Sometimes,go_out_a_lot,1.0,scores_4,1,0,0,0,0
887,Emmanuel Macron,M,40-49,Public sector employee,Tertiary,Sometimes,,5.0,scores_4,1,1,1,1,0
888,Emmanuel Macron,M,30-39,Self-employed,Tertiary,Never,go_out_a_little,3.0,scores_4,1,1,0,0,0
889,Benoît Hamon,F,40-49,Public sector employee,Tertiary,Never,go_out_a_lot,,scores_4,0,1,1,0,0
890,Emmanuel Macron,M,60-69,Public sector employee,Tertiary,Never,go_out_a_lot,4.0,scores_4,1,1,0,0,0
891,François Fillon,M,40-49,Private sector employee,Tertiary,Regularly,go_out_a_lot,7.0,scores_4,1,1,1,1,0
892,Jean-Luc Mélenchon,F,18-29,Student,Secondary,Never,rather_lonely,2.0,scores_4,1,0,0,0,0
893,Jean-Luc Mélenchon,M,50-59,,Secondary,,,,scores_4,1,1,1,1,0
894,François Fillon,M,60-69,Student,Tertiary,,go_out_a_little,,scores_4,1,0,0,0,0
895,Jean-Luc Mélenchon,M,30-39,,Tertiary,Never,go_out_a_little,2.0,scores_4,1,1,0,0,0
896,Jean-Luc Mélenchon,M,30-39,Private sector employee,Tertiary,Never,go_out_a_lot,,scores_4,0,1,0,0,0
897,François Fillon,,60-69,Retired,Secondary,Never,rather_lonely,1.0,scores_4,1,0,0,0,0
898,Jean-Luc Mélenchon,M,30-39,Self-employed,Secondary,Regularly,go_out_a_little,3.6666666666666665,scores_4,1,1,0,0,0
899,Emmanuel Macron,M,30-39,Public sector employee,Tertiary,Never,go_out_a_lot,,scores_4,1,1,1,1,0
900,Jean-Luc Mélenchon,F,18-29,Self-employed,Tertiary,Never,go_out_a_lot,,scores_4,1,1,1,1,0
901,Jean Lassalle,M,50-59,Public sector employee,Tertiary,Regularly,go_out_a_little,5.0,scores_4,0,1,0,0,0
902,,M,50-59,Public sector employee,Tertiary,Sometimes,go_out_a_little,3.0,scores_4,1,1,0,0,0
903,Benoît Hamon,M,50-59,Private sector employee,Tertiary,Never,go_out_a_lot,2.0,scores_4,0,0,0,1,0
904,,M,60-69,Public sector employee,Tertiary,,go_out_a_lot,,scores_4,0,1,0,0,0
905,Emmanuel Macron,M,18-29,Student,Tertiary,Never,go_out_a_little,5.0,scores_4,0,1,0,1,0
906,,M,30-39,,Secondary,Never,go_out_a_little,,scores_4,1,1,1,1,0
907,,,50-59,Private sector employee,Secondary,Never,go_out_a_lot,2.0,scores_4,0,0,1,0,0
908,Emmanuel Macron,F,60-69,Retired,Primary,Regularly,go_out_a_lot,,scores_4,1,1,0,0,0
909,Emmanuel Macron,M,18-29,Private sector employee,Tertiary,Never,go_out_a_lot,4.0,scores_4,0,1,1,1,0
910,Jean-Luc Mélenchon,F,18-29,Student,Tertiary,Never,go_out_a_lot,5.0,scores_4,1,1,1,1,0
911,Emmanuel Macron,M,18-29,Student,Tertiary,Never,go_out_a_lot,6.0,scores_4,1,1,1,1,0
912,,,,,,,,,scores_4,0,0,0,0,0
913,Jean-Luc Mélenchon,M,18-29,Public sector employee,Tertiary,Never,go_out_a_lot,2.0,scores_4,1,1,0,0,0
914,Benoît Hamon,M,18-29,Unemployed,Tertiary,Never,go_out_a_lot,3.0,scores_4,1,1,0,1,0
915,,M,50-59,Public sector employee,Secondary,Sometimes,go_out_a_little,3.6666666666666665,scores_4,0,1,1,0,0
916,,M,18-29,Public sector employee,Tertiary,Regularly,go_out_a_lot,4.0,scores_4,1,1,1,1,0
917,Benoît Hamon,M,30-39,Unemployed,Tertiary,Never,go_out_a_lot,5.0,scores_4,0,1,0,0,0
918,Benoît Hamon,M,30-39,Other,Tertiary,Never,go_out_a_lot,,scores_4,1,1,1,1,0
919,Benoît Hamon,F,18-29,Self-employed,Tertiary,Never,rather_lonely,3.0,scores_4,0,0,1,0,0
920,Jean-Luc Mélenchon,M,30-39,Public sector employee,Tertiary,Never,go_out_a_lot,1.0,scores_4,0,1,0,0,0
921,Jean-Luc Mélenchon,F,40-49,Public sector employee,Tertiary,Regularly,go_out_a_lot,,scores_4,0,1,0,0,0
922,Jean-Luc Mélenchon,F,18-29,Private sector employee,Tertiary,Never,go_out_a_lot,,scores_4,1,1,1,1,0
923,Jean-Luc Mélenchon,F,30-39,Other,Tertiary,Never,go_out_a_lot,2.0,scores_4,1,0,0,1,0
924,Benoît Hamon,M,18-29,Student,Tertiary,Never,go_out_a_lot,,scores_4,0,1,0,0,0
925,Jean-Luc Mélenchon,F,40-49,Private sector employee,Tertiary,Never,go_out_a_little,3.0,scores_4,1,1,0,1,0
926,François Fillon,F,70+,Retired,Tertiary,Sometimes,go_out_a_little,8.0,scores_4,0,1,0,0,0
927,Benoît Hamon,M,60-69,Private sector employee,Tertiary,Sometimes,go_out_a_lot,,scores_4,1,1,1,0,0
928,Jacques Cheminade,F,30-39,Public sector employee,Tertiary,Sometimes,rather_lonely,6.0,scores_4,1,0,0,1,0
929,Benoît Hamon,M,18-29,Private sector employee,Tertiary,Never,go_out_a_lot,1.0,scores_4,1,1,1,1,0
930,Jean-Luc Mélenchon,F,40-49,Other,Tertiary,Never,go_out_a_little,3.0,scores_4,1,1,1,0,0
931,,M,60-69,Retired,Tertiary,Sometimes,go_out_a_lot,8.0,scores_4,1,1,1,1,0
932,Jean-Luc Mélenchon,M,30-39,Private sector employee,Tertiary,Never,go_out_a_lot,6.0,scores_4,1,1,1,1,0
933,Benoît Hamon,M,40-49,Public sector employee,Tertiary,Never,go_out_a_lot,3.0,scores_4,1,1,1,1,0
934,Jean-Luc Mélenchon,M,60-69,Retired,Secondary,Never,,1.0,scores_4,1,0,0,0,0
935,Jean-Luc Mélenchon,F,18-29,Self-employed,Tertiary,Regularly,go_out_a_lot,,scores_4,1,0,1,1,0
936,Jean-Luc Mélenchon,F,30-39,Private sector employee,Tertiary,Never,go_out_a_lot,6.0,scores_4,1,0,0,0,0
937,Jean-Luc Mélenchon,F,18-29,Student,Tertiary,,go_out_a_lot,2.0,scores_4,1,0,1,1,0
938,Benoît Hamon,M,18-29,Private sector employee,Tertiary,Never,go_out_a_lot,3.0,scores_4,1,1,0,0,0
939,Jean-Luc Mélenchon,M,40-49,Private sector employee,Tertiary,Sometimes,go_out_a_lot,5.0,scores_4,0,1,0,0,0
940,,,,,,,,,scores_4,0,0,0,0,0
941,Benoît Hamon,F,50-59,Public sector employee,Tertiary,Regularly,go_out_a_little,4.0,scores_4,0,1,0,0,0
942,Benoît Hamon,M,40-49,Public sector employee,Tertiary,Sometimes,go_out_a_lot,4.0,scores_4,1,1,1,0,0
943,Nicolas Dupont-Aignan,,30-39,Public sector employee,Tertiary,Never,go_out_a_lot,3.0,scores_4,0,0,1,0,0
944,Benoît Hamon,M,40-49,Other,Tertiary,Regularly,go_out_a_lot,4.0,scores_4,0,1,1,1,0
945,Jean-Luc Mélenchon,M,18-29,Private sector employee,Tertiary,Never,go_out_a_lot,2.0,scores_4,1,1,0,0,0
946,Jean-Luc Mélenchon,M,30-39,Public sector employee,Tertiary,Sometimes,go_out_a_lot,,scores_4,1,1,0,0,0
947,Jean-Luc Mélenchon,F,18-29,Unemployed,Tertiary,Never,rather_lonely,1.0,scores_4,1,0,0,0,0
948,,F,18-29,Private sector employee,Tertiary,,go_out_a_little,5.0,scores_4,1,1,0,0,0
949,Jean-Luc Mélenchon,F,30-39,,Tertiary,Never,go_out_a_little,1.0,scores_4,1,1,0,1,0
950,Benoît Hamon,F,40-49,Private sector employee,Tertiary,Never,go_out_a_little,5.0,scores_4,1,1,0,0,0
951,,M,40-49,Unemployed,Tertiary,Never,rather_lonely,3.0,scores_4,1,1,1,0,1
952,Benoît Hamon,M,50-59,Private sector employee,Secondary,Never,go_out_a_little,,scores_4,0,1,0,0,0
953,,M,30-39,,Tertiary,Regularly,go_out_a_lot,4.0,scores_4,1,1,0,1,0
954,Benoît Hamon,F,60-69,Other,Secondary,Never,rather_lonely,3.0,scores_4,0,1,0,0,0
955,Nicolas Dupont-Aignan,M,18-29,Public sector employee,Tertiary,Sometimes,go_out_a_lot,,scores_4,1,1,1,1,0
956,Jean-Luc Mélenchon,M,18-29,Public sector employee,Tertiary,Never,go_out_a_lot,1.0,scores_4,1,1,1,0,0
957,Benoît Hamon,M,18-29,Private sector employee,Tertiary,Sometimes,,9.0,scores_4,1,1,1,0,0
958,,,50-59,Other,Secondary,Never,go_out_a_little,,scores_4,0,0,0,0,0
959,Jean-Luc Mélenchon,F,30-39,Public sector employee,Tertiary,Never,go_out_a_lot,3.0,scores_4,1,0,0,0,0
960,Benoît Hamon,F,50-59,Self-employed,Tertiary,Never,go_out_a_little,3.0,scores_4,1,1,0,1,0
961,Benoît Hamon,M,18-29,Private sector employee,Tertiary,Sometimes,go_out_a_lot,,scores_4,1,1,1,1,0
962,François Fillon,M,60-69,Retired,Tertiary,Never,go_out_a_little,,scores_4,1,1,0,1,0
963,Jean-Luc Mélenchon,F,40-49,Public sector employee,Tertiary,Never,go_out_a_lot,,scores_4,1,1,1,1,0
964,Jean-Luc Mélenchon,M,18-29,Student,Secondary,Never,go_out_a_lot,2.0,scores_4,1,0,1,1,0
965,Benoît Hamon,M,30-39,Other,Secondary,Never,go_out_a_lot,3.0,scores_4,1,1,0,1,0
966,Benoît Hamon,M,60-69,Retired,Tertiary,Sometimes,go_out_a_lot,5.0,scores_4,1,1,1,0,0
967,,,,,,,,,scores_4,0,0,0,0,0
968,Jean-Luc Mélenchon,F,18-29,,Tertiary,Never,rather_lonely,3.0,scores_4,1,0,1,0,0
969,Jean-Luc Mélenchon,F,40-49,Other,Tertiary,Never,go_out_a_lot,,scores_4,1,0,0,0,0
970,Benoît Hamon,F,18-29,Student,Secondary,Never,go_out_a_lot,5.0,scores_4,0,1,1,0,0
971,Jean-Luc Mélenchon,M,50-59,Private sector employee,Tertiary,Never,go_out_a_little,2.0,scores_4,1,0,0,1,0
972,Benoît Hamon,M,30-39,Private sector employee,Tertiary,Never,go_out_a_lot,8.0,scores_4,0,1,1,1,0
973,Jean-Luc Mélenchon,M,70+,Retired,Primary,Sometimes,rather_lonely,,scores_4,1,0,1,1,0
974,Benoît Hamon,M,50-59,Other,Tertiary,Never,go_out_a_lot,,scores_4,1,0,1,1,0
975,Jean-Luc Mélenchon,F,30-39,Public sector employee,Tertiary,Never,go_out_a_little,3.0,scores_4,0,1,1,1,0
976,Jean-Luc Mélenchon,F,50-59,Private sector employee,Tertiary,Regularly,go_out_a_little,1.0,scores_4,1,0,0,0,0
977,Benoît Hamon,M,30-39,Other,Tertiary,Never,go_out_a_little,5.0,scores_4,0,1,1,1,0
978,Jean-Luc Mélenchon,M,18-29,Student,Tertiary,Never,go_out_a_lot,3.0,scores_4,0,1,1,1,0
979,Jean-Luc Mélenchon,M,18-29,Other,Tertiary,Sometimes,go_out_a_lot,,scores_4,0,1,0,0,0
980,Benoît Hamon,F,30-39,Private sector employee,Tertiary,Never,go_out_a_little,7.0,scores_4,0,1,0,1,0
981,Jean-Luc Mélenchon,M,50-59,Unemployed,,Sometimes,go_out_a_lot,5.0,scores_4,0,1,0,0,0
982,Jean-Luc Mélenchon,F,40-49,Private sector employee,Tertiary,Never,go_out_a_lot,3.0,scores_4,1,0,1,0,0
983,Jean-Luc Mélenchon,M,18-29,Private sector employee,Tertiary,Never,go_out_a_lot,3.0,scores_4,0,1,0,0,0
984,Benoît Hamon,M,50-59,Self-employed,Tertiary,Sometimes,go_out_a_little,,scores_4,1,0,1,0,0
985,Emmanuel Macron,F,60-69,Retired,Secondary,Regularly,go_out_a_little,3.0,scores_4,0,1,0,0,0
986,Benoît Hamon,F,30-39,Public sector employee,Tertiary,Never,go_out_a_lot,,scores_4,0,1,1,0,0
987,François Fillon,F,70+,Public sector employee,Primary,Sometimes,go_out_a_little,5.0,scores_4,0,1,0,0,0
988,Jean-Luc Mélenchon,M,18-29,Unemployed,Tertiary,Never,go_out_a_little,,scores_4,1,0,0,0,0
989,Jean-Luc Mélenchon,F,18-29,Private sector employee,Tertiary,Never,go_out_a_lot,2.0,scores_4,1,0,0,0,1
990,Jean-Luc Mélenchon,F,18-29,Student,Tertiary,Never,go_out_a_lot,,scores_4,0,0,1,0,1
991,Emmanuel Macron,M,18-29,Private sector employee,Tertiary,Never,go_out_a_lot,,scores_4,0,0,1,0,0
992,,,,,,,,,scores_4,0,0,0,0,0
993,Emmanuel Macron,,,,,,,,scores_4,0,1,0,0,0
994,Jean-Luc Mélenchon,M,40-49,Private sector employee,Tertiary,Never,go_out_a_lot,4.0,scores_4,1,0,0,1,0
995,François Fillon,M,18-29,Private sector employee,Tertiary,Never,go_out_a_lot,3.6666666666666665,scores_4,1,1,1,1,0
996,François Fillon,M,60-69,Retired,,Sometimes,go_out_a_lot,,scores_4,0,1,0,0,0
997,Jean-Luc Mélenchon,F,18-29,Public sector employee,Tertiary,Never,rather_lonely,3.0,scores_4,1,1,0,0,1
998,Marine Le Pen,F,18-29,Private sector employee,Tertiary,Never,go_out_a_lot,,scores_4,0,1,0,0,0
999,Jean-Luc Mélenchon,M,40-49,Public sector employee,Tertiary,Never,go_out_a_lot,,scores_4,1,0,0,0,0
1000,Benoît Hamon,M,30-39,Private sector employee,Tertiary,Never,go_out_a_lot,1.0,scores_4,1,1,0,0,0
1001,Jean-Luc Mélenchon,M,18-29,Student,Tertiary,Never,go_out_a_lot,,scores_4,0,1,0,0,1
1002,Jean-Luc Mélenchon,F,40-49,Other,Tertiary,Never,go_out_a_lot,2.0,scores_4,1,1,1,1,0
1003,Benoît Hamon,M,40-49,Public sector employee,Tertiary,Sometimes,go_out_a_lot,4.0,scores_4,1,1,1,0,0
1004,Emmanuel Macron,F,18-29,Public sector employee,Tertiary,Never,rather_lonely,5.0,scores_4,0,0,1,0,0
1005,,,,,,,,,scores_4,0,0,0,0,0
1006,Emmanuel Macron,M,30-39,Public sector employee,Tertiary,Never,go_out_a_lot,,scores_4,0,1,1,1,0
1007,Jean-Luc Mélenchon,F,18-29,Student,Tertiary,Never,go_out_a_lot,8.0,scores_4,1,0,1,1,0
1008,François Fillon,F,18-29,Self-employed,Tertiary,Never,go_out_a_lot,7.0,scores_4,1,1,0,0,0
1009,Benoît Hamon,F,30-39,Public sector employee,Tertiary,Never,go_out_a_lot,2.0,scores_4,0,1,1,1,0
1010,François Fillon,F,60-69,Retired,Tertiary,Regularly,go_out_a_lot,,scores_4,1,0,0,0,0
1011,Jean-Luc Mélenchon,M,30-39,Self-employed,Tertiary,Never,go_out_a_lot,8.0,scores_4,1,0,1,1,0
1012,Jean-Luc Mélenchon,M,40-49,Public sector employee,Tertiary,Never,go_out_a_lot,4.0,scores_4,0,1,1,1,0
1013,,,,,,,,,scores_4,0,0,0,0,0
1014,Emmanuel Macron,M,30-39,Public sector employee,Tertiary,Never,go_out_a_little,7.0,scores_4,0,0,1,0,0
1015,Marine Le Pen,M,50-59,Public sector employee,Tertiary,Sometimes,rather_lonely,,scores_4,1,0,0,0,0
1016,Emmanuel Macron,F,30-39,,,,,,scores_4,0,1,0,0,0
1017,Jean-Luc Mélenchon,,30-39,Self-employed,Tertiary,Sometimes,go_out_a_lot,1.0,scores_4,1,0,0,0,0
1018,Jean-Luc Mélenchon,,70+,Private sector employee,,Sometimes,rather_lonely,8.0,scores_4,0,0,0,0,0
1019,Jean-Luc Mélenchon,F,30-39,Other,Primary,Never,go_out_a_little,3.0,scores_4,1,0,1,0,0
1020,François Fillon,M,60-69,Retired,Secondary,Regularly,go_out_a_lot,8.0,scores_4,0,1,0,0,0
1021,Emmanuel Macron,M,30-39,Public sector employee,Tertiary,Never,go_out_a_lot,3.0,scores_4,1,1,1,1,0
1022,Jean-Luc Mélenchon,F,40-49,Public sector employee,Secondary,Never,go_out_a_little,7.0,scores_4,1,1,1,0,0
1023,Jean-Luc Mélenchon,F,40-49,Self-employed,Tertiary,Never,go_out_a_lot,5.0,scores_4,1,1,0,0,0
1024,François Fillon,M,30-39,Private sector employee,Tertiary,Sometimes,go_out_a_little,7.0,scores_4,1,1,1,1,0
1025,François Fillon,M,60-69,Unemployed,Secondary,Sometimes,,5.0,scores_4,0,1,1,0,0
1026,,,,,,,,,scores_4,0,0,0,0,0
1027,,,,,,,,,scores_4,0,0,0,0,0
1028,Jean-Luc Mélenchon,F,30-39,Self-employed,Tertiary,Never,go_out_a_lot,3.0,scores_4,1,1,1,1,0
1029,Emmanuel Macron,M,40-49,Private sector employee,Tertiary,Never,go_out_a_lot,5.0,scores_4,0,1,1,1,0
1030,Emmanuel Macron,M,60-69,Private sector employee,Tertiary,Never,go_out_a_little,3.0,scores_4,0,1,0,0,0
1031,François Fillon,F,40-49,Self-employed,Tertiary,Never,go_out_a_lot,8.0,scores_4,0,1,0,0,0
1032,Emmanuel Macron,M,70+,,Secondary,Never,rather_lonely,5.0,scores_4,1,1,1,0,0
1033,,,,,,,,,scores_4,0,0,0,0,0
1034,François Fillon,F,60-69,Retired,Tertiary,Regularly,go_out_a_little,7.0,scores_4,1,1,0,0,0
1035,,,,,,,,,scores_4,0,0,0,0,0
1036,,,,,,,,,scores_4,0,0,0,0,0
1037,Jean-Luc Mélenchon,M,18-29,Public sector employee,Tertiary,Never,go_out_a_little,3.0,scores_4,1,1,0,0,1
1038,Jean-Luc Mélenchon,M,18-29,Private sector employee,Tertiary,Never,go_out_a_lot,1.0,scores_4,1,0,0,0,0
1039,Jean-Luc Mélenchon,F,30-39,Private sector employee,Tertiary,Never,go_out_a_lot,4.0,scores_4,1,0,0,0,0
1040,Jean-Luc Mélenchon,F,30-39,Private sector employee,Tertiary,Never,go_out_a_lot,,scores_4,1,0,1,0,0
1041,Emmanuel Macron,M,30-39,Public sector employee,Tertiary,Sometimes,go_out_a_lot,4.0,scores_4,1,1,0,1,0
1042,Jean-Luc Mélenchon,M,30-39,Public sector employee,Tertiary,Never,,,scores_4,1,1,1,1,0
1043,Philippe Poutou,M,18-29,Public sector employee,Tertiary,Never,go_out_a_lot,2.0,scores_4,1,0,1,0,0
1044,Jean-Luc Mélenchon,M,30-39,Public sector employee,,Never,,1.0,scores_4,0,1,0,0,0
1045,Emmanuel Macron,F,50-59,Public sector employee,Secondary,Never,go_out_a_lot,,scores_4,1,1,0,1,0
1046,Jean-Luc Mélenchon,F,60-69,Public sector employee,Tertiary,Never,go_out_a_lot,1.0,scores_4,1,1,0,0,0
1047,,F,60-69,Other,Tertiary,Sometimes,go_out_a_lot,5.0,scores_4,1,1,0,1,0
1048,Emmanuel Macron,F,60-69,Retired,Tertiary,Never,go_out_a_lot,,scores_4,0,1,0,1,0
1049,Emmanuel Macron,F,50-59,Other,Tertiary,Sometimes,go_out_a_lot,,scores_4,1,1,1,1,0
1050,,,,,,,,,scores_4,0,0,0,0,0
1051,Emmanuel Macron,M,60-69,Retired,Secondary,Sometimes,go_out_a_lot,5.0,scores_4,1,0,0,0,0
1052,Jean-Luc Mélenchon,F,60-69,Public sector employee,Tertiary,Never,go_out_a_lot,,scores_4,1,1,1,0,0
1053,Marine Le Pen,F,18-29,Student,Tertiary,Sometimes,go_out_a_lot,,scores_4,0,0,1,0,0
1054,,,,,,,,,scores_4,0,0,0,0,0
1055,Nicolas Dupont-Aignan,F,50-59,Public sector employee,Tertiary,Regularly,,4.0,scores_4,1,1,1,1,0
1056,François Fillon,F,30-39,Private sector employee,Tertiary,Never,go_out_a_little,6.0,scores_4,1,1,1,0,0
1057,,F,60-69,Retired,Primary,Sometimes,go_out_a_lot,,scores_4,0,1,0,0,0
1058,François Fillon,M,18-29,Self-employed,Tertiary,Never,go_out_a_little,6.0,scores_4,0,1,0,0,0
1059,Emmanuel Macron,F,70+,Retired,Tertiary,Never,go_out_a_little,3.0,scores_4,1,1,0,1,0
1060,François Fillon,F,18-29,,Tertiary,Regularly,go_out_a_lot,7.0,scores_4,1,1,1,1,0
1061,Emmanuel Macron,M,50-59,Public sector employee,Tertiary,Never,go_out_a_little,3.0,scores_4,1,1,1,1,0
1062,François Fillon,M,60-69,Retired,,Sometimes,go_out_a_lot,3.6666666666666665,scores_4,1,0,0,0,0
1063,Jean-Luc Mélenchon,F,50-59,Public sector employee,Tertiary,Sometimes,rather_lonely,4.0,scores_4,1,1,1,0,0
1064,Emmanuel Macron,M,18-29,Private sector employee,Tertiary,Sometimes,go_out_a_lot,4.0,scores_4,1,0,0,1,0
1065,Jean-Luc Mélenchon,F,30-39,Public sector employee,Secondary,Never,go_out_a_lot,,scores_4,1,0,0,0,0
1066,Emmanuel Macron,M,40-49,Public sector employee,Tertiary,Sometimes,go_out_a_lot,6.0,scores_4,1,1,1,1,0
1067,Emmanuel Macron,F,18-29,Student,Tertiary,Never,go_out_a_lot,3.0,scores_4,1,1,0,0,1
1068,Jean-Luc Mélenchon,M,30-39,Public sector employee,Secondary,Never,go_out_a_lot,8.0,scores_4,1,1,1,1,0
1069,Emmanuel Macron,M,60-69,Retired,Secondary,Sometimes,go_out_a_little,4.0,scores_4,0,1,1,0,0
1070,François Fillon,M,30-39,Public sector employee,Tertiary,Sometimes,go_out_a_little,7.0,scores_4,1,1,1,1,0
1071,Emmanuel Macron,F,50-59,Self-employed,Tertiary,Never,go_out_a_lot,,scores_4,0,1,1,0,0
